<?xml version="1.0" encoding="UTF-8"?>
<mappings>
	<mapping>
		<method name="findObjectsByCondition">
			<parameter index="1" componentType="java.lang.Boolean" />
			<parameter index="1" componentType="com.sxsihe.oxhide.resource.domain.Resources" />
			<return-type componentType="com.sxsihe.oxhide.resource.domain.Resources" />
		</method>
		<method name="getAll">
			<return-type componentType="com.sxsihe.oxhide.resource.domain.Resources" />
		</method>
		<method name="queryHql">
			<return-type componentType="com.sxsihe.oxhide.resource.domain.Resources" />
		</method>
		<method name="add">
			<parameter index="1" componentType="com.sxsihe.oxhide.resource.domain.Resources" />
		</method>
	</mapping>
</mappings>
