<?xml version="1.0" encoding="GBK"?>
<!DOCTYPE beans PUBLIC "-//SPRING//DTD BEAN//EN" "http://www.springframework.org/dtd/spring-beans.dtd">

<beans default-autowire="byName"> 
  <bean id="rolesappDAO" class="com.sxsihe.oxhide.rolesapp.dao.hibernateImpl.RolesappDAOImpl"> 
    <property name="template" ref="template"/> 
  </bean>  
  <bean id="rolesappService" parent="baseTxService"> 
    <property name="target"> 
      <bean id="rolesappServiceTarget" class="com.sxsihe.oxhide.rolesapp.service.RolesappServiceImpl"> 
        <property name="dao" ref="rolesappDAO"/> 
      </bean> 
    </property> 
  </bean>
</beans>
