<?xml version="1.0" encoding="GBK"?>
<!DOCTYPE beans PUBLIC "-//SPRING//DTD BEAN//EN" "http://www.springframework.org/dtd/spring-beans.dtd">

<beans default-autowire="byName"> 
  <bean id="dictionarycontentDAO" class="com.sxsihe.oxhide.dictionarycontent.dao.hibernateImpl.DictionarycontentDAOImpl"> 
    <property name="template" ref="template"/> 
  </bean>  
  <bean id="dictionarycontentService" parent="baseTxService"> 
    <property name="target"> 
      <bean id="dictionarycontentServiceTarget" class="com.sxsihe.oxhide.dictionarycontent.service.DictionarycontentServiceImpl"> 
        <property name="dao" ref="dictionarycontentDAO"/> 
      </bean> 
    </property> 
  </bean>
  <bean name="/dictionarycontentLoadAction" class="com.sxsihe.oxhide.dictionarycontent.action.DictionarycontentShowAction"> 
    <property name="service" ref="dictionarycontentService"/> 
  </bean>
  <bean name="/dictionarycontentShowAction" class="com.sxsihe.oxhide.dictionarycontent.action.DictionarycontentShowAction"> 
    <property name="service" ref="dictionarycontentService"/> 
  </bean>
  <bean name="/dictionarycontentSaveAction" class="com.sxsihe.oxhide.dictionarycontent.action.DictionarycontentSaveAction"> 
    <property name="service" ref="dictionarycontentService"/> 
  </bean>
  <bean name="/dictionarycontentDeleteAction" class="com.sxsihe.oxhide.dictionarycontent.action.DictionarycontentDeleteAction"> 
    <property name="service" ref="dictionarycontentService"/> 
  </bean>
</beans>
