<?xml version="1.0" encoding="GBK"?>
<!DOCTYPE beans PUBLIC "-//SPRING//DTD BEAN//EN" "http://www.springframework.org/dtd/spring-beans.dtd">

<beans default-autowire="byName">
	<bean id="employeeDAO" class="com.sxsihe.oxhide.employee.dao.hibernateImpl.EmployeeDAOImpl">
		<property name="template" ref="template" />
	</bean>
	<bean id="employeeService" parent="baseTxService">
		<property name="target">
			<bean id="employeeServiceTarget" class="com.sxsihe.oxhide.employee.service.EmployeeServiceImpl">
				<property name="dao" ref="employeeDAO" />
			</bean>
		</property>
	</bean>
	<bean name="/employeeLoadAction" class="com.sxsihe.oxhide.employee.action.EmployeeShowAction">
		<property name="service" ref="employeeService" />
	</bean>
	<bean name="/employeeShowAction" class="com.sxsihe.oxhide.employee.action.EmployeeShowAction">
		<property name="service" ref="employeeService" />
	</bean>
	<bean name="/employeeAdvAction" class="com.sxsihe.oxhide.employee.action.EmployeeShowAction">
		<property name="service" ref="employeeService" />
	</bean>
	<bean name="/employeeSaveAction" class="com.sxsihe.oxhide.employee.action.EmployeeSaveAction">
		<property name="service" ref="employeeService" />
		<property name="educationhistoryService" ref="educationhistoryService" />
		<property name="workhistoryService" ref="workhistoryService" />
	</bean>
	<bean name="/employeeDeleteAction" class="com.sxsihe.oxhide.employee.action.EmployeeDeleteAction">
		<property name="service" ref="employeeService" />
	</bean>
</beans>
