<?xml version="1.0" encoding="GBK"?>
<!DOCTYPE beans PUBLIC "-//SPRING//DTD BEAN//EN" "http://www.springframework.org/dtd/spring-beans.dtd">
<beans default-autowire="byName"> 
  <bean id="helpdocDAO" class="com.sxsihe.oxhide.helpdoc.dao.hibernateImpl.HelpdocDAOImpl"> 
    <property name="template" ref="template"/> 
  </bean>  
  <bean id="helpdocService" parent="baseTxService"> 
    <property name="target"> 
      <bean id="helpdocServiceTarget" class="com.sxsihe.oxhide.helpdoc.service.HelpdocServiceImpl"> 
        <property name="dao" ref="helpdocDAO"/> 
      </bean> 
    </property> 
  </bean>
  <bean name="/helpdocShowAction" class="com.sxsihe.oxhide.helpdoc.action.HelpdocShowAction"> 
    <property name="service" ref="helpdocService"/> 
  </bean>
  <bean name="/helpdocSaveAction" class="com.sxsihe.oxhide.helpdoc.action.HelpdocSaveAction"> 
    <property name="service" ref="helpdocService"/> 
  </bean>
</beans>
	