<?xml version="1.0" encoding="GBK"?>
<!DOCTYPE beans PUBLIC "-//SPRING//DTD BEAN//EN" "http://www.springframework.org/dtd/spring-beans.dtd">

<beans default-autowire="byName">
	<bean id="organDAO" class="com.sxsihe.oxhide.organ.dao.hibernateImpl.OrganDAOImpl">
		<property name="template" ref="template" />
	</bean>
	<bean id="organService" parent="baseTxService">
		<property name="target">
			<bean id="organServiceTarget" class="com.sxsihe.oxhide.organ.service.OrganServiceImpl">
				<property name="dao" ref="organDAO" />
			</bean>
		</property>
	</bean>
	<bean name="/organLoadAction" class="com.sxsihe.oxhide.organ.action.OrganShowAction">
		<property name="service" ref="organService" />
	</bean>
	<bean name="/organShowAction" class="com.sxsihe.oxhide.organ.action.OrganShowAction">
		<property name="service" ref="organService" />
	</bean>
	<bean name="/organSaveAction" class="com.sxsihe.oxhide.organ.action.OrganSaveAction">
		<property name="service" ref="organService" />
	</bean>
	<bean name="/organDeleteAction" class="com.sxsihe.oxhide.organ.action.OrganDeleteAction">
		<property name="service" ref="organService" />
	</bean>
</beans>
