﻿<?xml version="1.0" encoding="UTF-8"?>
<dwr>
	<allow>
		<create creator="new" javascript="DWRBaseClass">
			<param name="class" value="com.sxsihe.base.DWRBaseClass" />
			<include method="checkObjcect"></include>
			<include method="checkDeptName"></include>
			<include method="checkOrganName"></include>
			<include method="checkPostName"></include>
			<include method="checkUserName"></include>
			<include method="checkRoleName"></include>
			<include method="checkresourceName"></include>
			<include method="checkresourceUrl"></include>
			<include method="checkresourceTabName"></include>
			<include method="checkNewTypeName"></include>
			<include method="checkAppName"></include>
			<include method="checkDictionaryName"></include>
			<include method="checkDictionaryTypeName"></include>
			<include method="checkProcedureName"></include>
			<include method="checkUserAppleId"></include>
			<include method="checkUserAndroidId"></include>
			<include method="checkresourceSimplyName"></include>
			<include method="checkAppSimplyName"></include>
			<include method="checkDictionaryCode"></include>
		</create>
		<create creator="spring" javascript="login">
			<param name="beanName" value="/siheAction" />
			<include method="getResourceByAppidAndUserId"></include>
			<include method="checkUser"></include>
			<include method="unSendData"></include>
			<include method="sendMessage"></include>
			<include method="checkEmpMan"></include>
		</create>
		<create creator="spring" javascript="configDwr">
			<param name="beanName" value="/sysconfigAction" />
			<include method="saveConfig"></include>
		</create>
		<!-- 动态建表插件 -->
		<create creator="new" javascript="DwrChecker">
			<param name="class" value="com.sxsihe.coder.util.DwrChecker" />
			<include method="checkTableName"></include>
		</create>
	</allow>
</dwr>
