<?xml version="1.0" encoding="UTF-8"?>
<mappings>
	<mapping>
		<method name="findObjectsByCondition">
			<parameter index="1" componentType="java.lang.Boolean" />
			<return-type componentType="com.sxsihe.oxhide.ssoroles.domain.Ssoroles" />
		</method>
		<method name="getAll">
			<return-type componentType="com.sxsihe.oxhide.ssoroles.domain.Ssoroles" />
		</method>
		<method name="getUsersRoles">
			<return-type componentType="com.sxsihe.oxhide.ssoroles.domain.Ssoroles" />
		</method>
		<method name="findObjectBykey">
			<return-type componentType="com.sxsihe.oxhide.ssoroles.domain.Ssoroles" />
		</method>
	</mapping>
</mappings>
