<?xml version="1.0" encoding="UTF-8"?>
<!DOCTYPE struts-config PUBLIC "-//Apache Software Foundation//DTD Struts Configuration 1.1//EN" "http://jakarta.apache.org/struts/dtds/struts-config_1_1.dtd">
<struts-config>
	<form-beans>
		<form-bean name="organForm" type="com.sxsihe.oxhide.organ.form.OrganForm" />
		<form-bean name="organConditionForm" type="com.sxsihe.oxhide.organ.form.OrganConditionForm" />
	</form-beans>
	<action-mappings>
		<action path="/organLoadAction" parameter="action" type="org.springframework.web.struts.DelegatingActionProxy" name="organConditionForm" scope="session" input="/pages/admin/organ/organlist.jsp">
			<forward name="showList" path="/pages/admin/organ/organlist.jsp" />
		</action>
		<action path="/organShowAction" parameter="action" type="org.springframework.web.struts.DelegatingActionProxy" name="organForm" scope="request" input="/pages/admin/organ/organform.jsp">
			<forward name="showAdd" path="/pages/admin/organ/organform.jsp?action=add" />
			<forward name="showView" path="/pages/admin/organ/organview.jsp" />
			<forward name="showUpdate" path="/pages/admin/organ/organform.jsp?action=update" />
			<forward name="showMap" path="/pages/admin/organ/organMap.jsp" />
		</action>
		<action path="/organSaveAction" parameter="action" type="org.springframework.web.struts.DelegatingActionProxy" name="organForm" scope="request" input="/pages/admin/organ/organform.jsp">
		</action>
		<action path="/organDeleteAction" parameter="action" type="org.springframework.web.struts.DelegatingActionProxy">
			<forward name="successForDelete" path="/organLoadAction.do?action=showList" />
		</action>
	</action-mappings>
</struts-config>
