<?xml version="1.0" encoding="UTF-8"?>
<!DOCTYPE struts-config PUBLIC "-//Apache Software Foundation//DTD Struts Configuration 1.1//EN" "http://jakarta.apache.org/struts/dtds/struts-config_1_1.dtd">
<struts-config>
	<form-beans>
		<form-bean name="ssorolesForm" type="com.sxsihe.oxhide.ssoroles.form.SsorolesForm" />
		<form-bean name="ssorolesConditionForm" type="com.sxsihe.oxhide.ssoroles.form.SsorolesconditionForm" />
	</form-beans>
	<action-mappings>
		<action path="/ssorolesLoadAction" parameter="action" type="org.springframework.web.struts.DelegatingActionProxy" name="ssorolesConditionForm" scope="session" input="/pages/admin/ssoroles/ssoroleslist.jsp">
			<forward name="showList" path="/pages/admin/ssoroles/ssoroleslist.jsp" />
		</action>
		<action path="/ssorolesShowAction" parameter="action" type="org.springframework.web.struts.DelegatingActionProxy" name="ssorolesForm" scope="request" input="/pages/admin/ssoroles/ssorolesform.jsp">
			<forward name="showAdd" path="/pages/admin/ssoroles/ssorolesform.jsp?action=add" />
			<forward name="showView" path="/pages/admin/ssoroles/ssorolesview.jsp" />
			<forward name="showUpdate" path="/pages/admin/ssoroles/ssorolesform.jsp?action=update" />
			<forward name="showTree" path="/pages/admin/ssoroles/roleTree.jsp" />
		</action>
		<action path="/ssorolesSaveAction" parameter="action" type="org.springframework.web.struts.DelegatingActionProxy" name="ssorolesForm" scope="request" input="/pages/admin/ssoroles/ssorolesform.jsp">
		</action>
		<action path="/ssorolesDeleteAction" parameter="action" type="org.springframework.web.struts.DelegatingActionProxy">
			<forward name="successForDelete" path="/ssorolesLoadAction.do?action=showList" />
		</action>
	</action-mappings>
</struts-config>
