<?xml version="1.0" encoding="UTF-8"?>
<!DOCTYPE struts-config PUBLIC "-//Apache Software Foundation//DTD Struts Configuration 1.1//EN" "http://jakarta.apache.org/struts/dtds/struts-config_1_1.dtd">
<struts-config>
	<action-mappings>
		<action path="/loginAction" parameter="action" type="org.springframework.web.struts.DelegatingActionProxy">
			<forward name="changeSchema" path="/pages/admin/ssouser/chengeSchema.jsp" />
			<forward name="password" path="/pages/admin/ssouser/changePassword.jsp" />
			<forward name="loginpre" path="/core/ui/preChangeSceam.jsp" />
			<forward name="showDes" path="/ui/desks.jsp" />
			<forward name="controlPanel" path="/ui/controlPanel.jsp" />
		</action>
		<action path="/siheAction" parameter="action" type="org.springframework.web.struts.DelegatingActionProxy" />
	</action-mappings>
</struts-config>
