<?xml version="1.0" encoding="UTF-8"?>
<!DOCTYPE struts-config PUBLIC "-//Apache Software Foundation//DTD Struts Configuration 1.1//EN" "http://jakarta.apache.org/struts/dtds/struts-config_1_1.dtd">
<struts-config>
	<form-beans>
		<form-bean name="dictionaryForm" type="com.sxsihe.oxhide.dictionary.form.DictionaryForm" />
		<form-bean name="dictionaryConditionForm" type="com.sxsihe.oxhide.dictionary.form.DictionaryditionForm" />
	</form-beans>
	<action-mappings>
		<action path="/dictionaryLoadAction" parameter="action" type="org.springframework.web.struts.DelegatingActionProxy" name="dictionaryConditionForm" scope="session"
			input="/pages/admin/dictionary/dictionarylist.jsp">
			<forward name="showList" path="/pages/admin/dictionary/dictionarylist.jsp" />
		</action>
		<action path="/dictionaryShowAction" parameter="action" type="org.springframework.web.struts.DelegatingActionProxy" name="dictionaryForm" scope="request" input="/pages/admin/dictionary/dictionaryform.jsp">
			<forward name="showAdd" path="/pages/admin/dictionary/dictionaryform.jsp?action=add" />
			<forward name="showView" path="/pages/admin/dictionary/dictionaryview.jsp" />
			<forward name="showUpdate" path="/pages/admin/dictionary/dictionaryform.jsp?action=update" />
		</action>
		<action path="/dictionarySaveAction" parameter="action" type="org.springframework.web.struts.DelegatingActionProxy" name="dictionaryForm" scope="request" input="/pages/admin/dictionary/dictionaryform.jsp">
		</action>
		<action path="/dictionaryDeleteAction" parameter="action" type="org.springframework.web.struts.DelegatingActionProxy">
			<forward name="successForDelete" path="/dictionaryLoadAction.do?action=showList" />
		</action>
	</action-mappings>
</struts-config>
