<?xml version="1.0" encoding="UTF-8"?>
<!DOCTYPE struts-config PUBLIC "-//Apache Software Foundation//DTD Struts Configuration 1.1//EN" "http://jakarta.apache.org/struts/dtds/struts-config_1_1.dtd">
<struts-config>
	<form-beans>
		<form-bean name="employeeForm" type="com.sxsihe.oxhide.employee.form.EmployeeForm" />
		<form-bean name="employeeConditionForm" type="com.sxsihe.oxhide.employee.form.EmployeeConditionForm" />
		<form-bean name="employeeAdvForm" type="com.sxsihe.oxhide.employee.form.EmployeeConditionForm" />
	</form-beans>
	<action-mappings>
		<action path="/employeeLoadAction" parameter="action" type="org.springframework.web.struts.DelegatingActionProxy" name="employeeConditionForm" scope="session"
			input="/pages/admin/employee/employeelist.jsp">
			<forward name="showList" path="/pages/admin/employee/employeelist.jsp" />
			<forward name="showOrderList" path="/pages/admin/employee/employeeOrder.jsp" />
		</action>
		<action path="/employeeAdvAction" parameter="action" type="org.springframework.web.struts.DelegatingActionProxy" name="employeeAdvForm" scope="session"
			input="/pages/admin/employee/employeeAdvlist.jsp">
			<forward name="showList" path="/pages/admin/employee/employeeAdvlist.jsp" />
		</action>
		<action path="/employeeSaveAction" parameter="action" type="org.springframework.web.struts.DelegatingActionProxy" name="employeeForm" scope="request"
			input="/pages/admin/employee/employeeform.jsp" />
		<action path="/employeeShowAction" parameter="action" type="org.springframework.web.struts.DelegatingActionProxy" name="employeeForm" scope="request"
			input="/pages/admin/employee/employeeform.jsp">
			<forward name="showAdd" path="/pages/admin/employee/employeeform.jsp?action=add" />
			<forward name="showView" path="/pages/admin/employee/employeeview.jsp" />
			<forward name="showWorkChange" path="/pages/admin/employee/workChange.jsp" />
			<forward name="showUpdate" path="/pages/admin/employee/employeeform.jsp?action=update" />
			<forward name="showSimply" path="/pages/admin/employee/showSimply.jsp" />
		</action>
		<action path="/employeeDeleteAction" parameter="action" type="org.springframework.web.struts.DelegatingActionProxy">
			<forward name="successForDelete" path="/employeeLoadAction.do?action=showList" />
		</action>
	</action-mappings>
</struts-config>
