<?xml version="1.0" encoding="utf-8"?>
<!DOCTYPE hibernate-mapping PUBLIC "-//Hibernate/Hibernate Mapping DTD 3.0//EN" "http://hibernate.sourceforge.net/hibernate-mapping-3.0.dtd">
<hibernate-mapping>
	<class name="com.sxsihe.oxhide.dept.domain.Deptment" table="deptment" dynamic-insert="true" dynamic-update="true">
		<id name="deptid" type="java.lang.String">
			<column name="DEPTID" length="32"/>
			<generator class="uuid.hex"/>
		</id>
		<many-to-one name="organ" class="com.sxsihe.oxhide.organ.domain.Organ" fetch="select" >
			<column name="ORGANID" length="32">
				<comment>机构id</comment>
			</column>
		</many-to-one>
		<many-to-one name="deptment" class="com.sxsihe.oxhide.dept.domain.Deptment" fetch="select">
			<column name="DEPTPID" length="32">
				<comment>部门id</comment>
			</column>
		</many-to-one>
		<property name="areaid" type="java.lang.String">
			<column name="AREAID" length="32">
				<comment>地区编号</comment>
			</column>
		</property>
		<property name="deptcode" type="java.lang.String">
			<column name="DEPTCODE" length="32">
				<comment>部门编码</comment>
			</column>
		</property>
		<property name="deptname" type="java.lang.String">
			<column name="DEPTNAME" length="32">
				<comment>部门名称</comment>
			</column>
		</property>
		<property name="orderno" type="java.lang.Integer">
			<column name="ORDERNO">
				<comment>序号</comment>
			</column>
		</property>
		<property name="remark" type="java.lang.String">
			<column name="REMARK" length="100">
				<comment>备注</comment>
			</column>
		</property>
		<property name="isvalidation" type="java.lang.Integer">
			<column name="ISVALIDATION">
				<comment>是否有效</comment>
			</column>
		</property>
		<property name="deptman" type="java.lang.String">
			<column name="DEPTMAN" length="32">
				<comment>负责人</comment>
			</column>
		</property>
		<property name="deptmanid" type="java.lang.String">
			<column name="DEPTMANID" length="32">
				<comment>负责人ID</comment>
			</column>
		</property>
		<set name="postses" inverse="true" cascade="all-delete-orphan" order-by="postcode">
			<key>
				<column name="DEPTID" length="32">
					<comment>部门ID</comment>
				</column>
			</key>
			<one-to-many class="com.sxsihe.oxhide.post.domain.Posts"/>
		</set>
		<set name="deptments" inverse="true" cascade="all-delete-orphan" order-by="deptcode">
			<key>
				<column name="DEPTPID" length="32">
					<comment>部门ID</comment>
				</column>
			</key>
			<one-to-many class="com.sxsihe.oxhide.dept.domain.Deptment"/>
		</set>
	</class>
</hibernate-mapping>
