<?xml version="1.0" encoding="utf-8"?>
<!DOCTYPE hibernate-mapping PUBLIC "-//Hibernate/Hibernate Mapping DTD 3.0//EN" "http://hibernate.sourceforge.net/hibernate-mapping-3.0.dtd">
<!-- 
	Mapping file autogenerated by MyEclipse Persistence Tools
-->
<hibernate-mapping>
	<class name="com.sxsihe.oxhide.familymembers.domain.Familymembers"
		table="familymembers" dynamic-insert="true" dynamic-update="true">
		<id name="fid" type="java.lang.String">
			<column name="FID" length="32" />
			<generator class="uuid.hex" />
		</id>
		<property name="fcallname" type="java.lang.String">
			<column name="FCALLNAME" length="32">
				<comment>称呼</comment>
			</column>
		</property>
		<property name="fname" type="java.lang.String">
			<column name="FNAME" length="32">
				<comment>姓名</comment>
			</column>
		</property>
		<property name="fcompany" type="java.lang.String">
			<column name="FCOMPANY" length="150">
				<comment>工作单位</comment>
			</column>
		</property>
		<property name="fpolitical" type="java.lang.String">
			<column name="FPOLITICAL" length="32">
				<comment>政治面貌</comment>
			</column>
		</property>
		<property name="fage" type="java.lang.String">
			<column name="FAGE" length="32">
				<comment>年龄</comment>
			</column>
		</property>
		<property name="fduty" type="java.lang.String">
			<column name="FDUTY" length="100">
				<comment>职务</comment>
			</column>
		</property>
		<many-to-one name="employee"
			class="com.sxsihe.oxhide.employee.domain.Employee" fetch="select"
			>
			<column name="EMPLOYEEID" length="32">
				<comment>员工ID</comment>
			</column>
		</many-to-one>
	</class>
</hibernate-mapping>
