<?xml version="1.0" encoding="utf-8"?>
<!DOCTYPE hibernate-mapping PUBLIC "-//Hibernate/Hibernate Mapping DTD 3.0//EN" "http://hibernate.sourceforge.net/hibernate-mapping-3.0.dtd">
<!-- 
    Mapping file autogenerated by MyEclipse Persistence Tools
-->
<hibernate-mapping>
	<class name="com.sxsihe.oxhide.feedback.domain.Feedback" table="feedback" dynamic-insert="true" dynamic-update="true">
		<id name="fid" type="java.lang.String">
			<column name="FID" length="32"/>
			<generator class="assigned"/>
		</id>
		<property name="rid" type="java.lang.String">
			<column name="RID" length="32">
				<comment>资源ID</comment>
			</column>
		</property>
		<property name="rpath" type="java.lang.String">
			<column name="RPATH" length="500">
				<comment>访问路径</comment>
			</column>
		</property>
		<property name="rcontent" type="java.lang.String">
			<column name="RCONTENT" length="65535">
				<comment>详细bug</comment>
			</column>
		</property>
		<property name="rname" type="java.lang.String">
			<column name="RNAME" length="32">
				<comment>资源名称</comment>
			</column>
		</property>
		<property name="ruser" type="java.lang.String">
			<column name="RUSER" length="32">
				<comment>问题反馈者</comment>
			</column>
		</property>
		<property name="ruserid" type="java.lang.String">
			<column name="RUSERID" length="32">
				<comment>反馈者ID</comment>
			</column>
		</property>
		<property name="rtime" type="java.lang.String">
			<column name="RTIME" length="19">
				<comment>反馈时间</comment>
			</column>
		</property>
		<property name="rtype" type="java.lang.String">
			<column name="RTYPE" length="1">
				<comment>反馈类型</comment>
			</column>
		</property>
		<property name="rstate" type="java.lang.String">
			<column name="RSTATE" length="1">
				<comment>处理状态</comment>
			</column>
		</property>
		<property name="rdoer" type="java.lang.String">
			<column name="RDOER" length="32">
				<comment>处理人</comment>
			</column>
		</property>
		<property name="rdotime" type="java.lang.String">
			<column name="RDOTIME" length="19">
				<comment>处理时间</comment>
			</column>
		</property>
		<property name="rdotype" type="java.lang.String">
			<column name="RDOTYPE" length="65535">
				<comment>处理方式</comment>
			</column>
		</property>
		<property name="remark" type="java.lang.String">
			<column name="REMARK" length="500">
				<comment>备注</comment>
			</column>
		</property>
		<property name="dutyer" type="java.lang.String">
			<column name="DUTYER" length="32">
				<comment>责任人</comment>
			</column>
		</property>
	</class>
</hibernate-mapping>
