<?xml version="1.0" encoding="utf-8"?>
<!DOCTYPE hibernate-mapping PUBLIC "-//Hibernate/Hibernate Mapping DTD 3.0//EN" "http://hibernate.sourceforge.net/hibernate-mapping-3.0.dtd">
<!-- 
    Mapping file autogenerated by MyEclipse Persistence Tools
-->
<hibernate-mapping>
	<class name="com.sxsihe.oxhide.formrecord.domain.Formrecord" table="formrecord" dynamic-insert="true" dynamic-update="true" >
		<id name="id" type="java.lang.String">
			<column name="ID" length="32"/>
			<generator class="uuid.hex"/>
		</id>
		<property name="itemid" type="java.lang.String">
			<column name="ITEMID" length="32"/>
		</property>
		<property name="remoteIP" type="java.lang.String">
			<column name="REMOTEIP" length="32">
				<comment>用户</comment>
			</column>
		</property>
		<property name="employeeid" type="java.lang.String">
			<column name="EMPLOYEEID" length="10">
				<comment>用户</comment>
			</column>
		</property>
		<property name="employeename" type="java.lang.String">
			<column name="EMPLOYEENAME" length="65535">
				<comment>用户</comment>
			</column>
		</property>
		<property name="descs" type="java.lang.String">
			<column name="DESCS" length="65535">
				<comment>操作描述</comment>
			</column>
		</property>
		<property name="remark" type="java.lang.String">
			<column name="REMARK" length="65535">
				<comment>备注</comment>
			</column>
		</property>
		<property name="updateDate" type="java.lang.String">
			<column name="UPDATE_DATE" length="100">
				<comment>修改描述</comment>
			</column>
		</property>
	</class>
</hibernate-mapping>
