<?xml version="1.0" encoding="utf-8"?>
<!DOCTYPE hibernate-mapping PUBLIC "-//Hibernate/Hibernate Mapping DTD 3.0//EN" "http://hibernate.sourceforge.net/hibernate-mapping-3.0.dtd">
<!-- 
	Mapping file autogenerated by MyEclipse Persistence Tools
-->
<hibernate-mapping>
	<class name="com.sxsihe.oxhide.organ.domain.Organ" table="organ" dynamic-insert="true" dynamic-update="true">
		<id name="organid" type="java.lang.String">
			<column name="ORGANID" length="32"/>
			<generator class="uuid.hex"/>
		</id>
		<many-to-one name="porgan" class="com.sxsihe.oxhide.organ.domain.Organ" fetch="select" >
			<column name="ORGANPID" length="32">
				<comment>机构id</comment>
			</column>
		</many-to-one>
		<property name="organname" type="java.lang.String">
			<column name="ORGANNAME" length="32">
				<comment>机构名称</comment>
			</column>
		</property>
		<property name="areaid" type="java.lang.String">
			<column name="AREAID" length="32">
				<comment>地区编号</comment>
			</column>
		</property>
		<property name="organcode" type="java.lang.String">
			<column name="ORGANCODE" length="32">
				<comment>编码</comment>
			</column>
		</property>
		<property name="organalias" type="java.lang.String">
			<column name="ORGANALIAS" length="32">
				<comment>别名</comment>
			</column>
		</property>
		<property name="postcode" type="java.lang.String">
			<column name="POSTCODE" length="10">
				<comment>邮编</comment>
			</column>
		</property>
		<property name="address" type="java.lang.String">
			<column name="ADDRESS" length="32">
				<comment>地址</comment>
			</column>
		</property>
		<property name="telephone" type="java.lang.String">
			<column name="TELEPHONE" length="32">
				<comment>单位电话</comment>
			</column>
		</property>
		<property name="fax" type="java.lang.String">
			<column name="FAX" length="50">
				<comment>传真</comment>
			</column>
		</property>
		<property name="remark" type="java.lang.String">
			<column name="REMARK" length="100">
				<comment>备注</comment>
			</column>
		</property>
		<property name="isvalidation" type="java.lang.Integer">
			<column name="ISVALIDATION">
				<comment>是否有效</comment>
			</column>
		</property>
		<property name="organman" type="java.lang.String">
			<column name="ORGANMAN" length="32">
				<comment>负责人</comment>
			</column>
		</property>
		<property name="organmanid" type="java.lang.String">
			<column name="ORGANMANID" length="32">
				<comment>负责人ID</comment>
			</column>
		</property>
		<set name="deptments" inverse="true" cascade="all-delete-orphan" order-by="deptcode">
			<key>
				<column name="ORGANID" length="32">
					<comment>机构id</comment>
				</column>
			</key>
			<one-to-many class="com.sxsihe.oxhide.dept.domain.Deptment"/>
		</set>
		<set name="organs" inverse="true" cascade="all-delete-orphan" order-by="organcode">
			<key>
				<column name="ORGANPID" length="32">
					<comment>机构ID</comment>
				</column>
			</key>
			<one-to-many class="com.sxsihe.oxhide.organ.domain.Organ"/>
		</set>
	</class>
</hibernate-mapping>
