<?xml version="1.0" encoding="utf-8"?>
<!DOCTYPE hibernate-mapping PUBLIC "-//Hibernate/Hibernate Mapping DTD 3.0//EN" "http://hibernate.sourceforge.net/hibernate-mapping-3.0.dtd">
<!--
    Mapping file autogenerated by MyEclipse Persistence Tools
-->
<hibernate-mapping>
	<class name="com.sxsihe.oxhide.resource.domain.Resources" table="resources" dynamic-insert="true" dynamic-update="true">
		<id name="resourceid" type="java.lang.String">
			<column name="RESOURCEID" length="32"/>
			<generator class="assigned"/>
		</id>
		<many-to-one name="resourcesp" class="com.sxsihe.oxhide.resource.domain.Resources" fetch="select" >
			<column name="RESOURCEPID" length="32">
				<comment>资源id</comment>
			</column>
		</many-to-one>
		<property name="resourcepid" type="java.lang.String" insert="false" update="false">
			<column name="RESOURCEPID" length="32">
				<comment>资源id</comment>
			</column>
		</property>
		<many-to-one name="application" class="com.sxsihe.oxhide.application.domain.Application" fetch="select" >
			<column name="APPID" length="32">
				<comment>系统id</comment>
			</column>
		</many-to-one>
		<property name="ico" type="java.lang.String">
			<column name="ICO" length="32">
				<comment>图标</comment>
			</column>
		</property>
		<property name="bigico" type="java.lang.String">
			<column name="BIGICO" length="32">
				<comment>大图标</comment>
			</column>
		</property>
		<property name="largeico" type="java.lang.String">
			<column name="LARGEICO" length="60">
				<comment>超大图标</comment>
			</column>
		</property>
		<property name="mobileico" type="java.lang.String">
			<column name="MOBILEICO" length="32">
				<comment>移动图标</comment>
			</column>
		</property>
		<property name="simplyname" type="java.lang.String">
			<column name="SIMPLYNAME" length="8">
				<comment>简称</comment>
			</column>
		</property>
		<property name="resourcename" type="java.lang.String">
			<column name="RESOURCENAME" length="32">
				<comment>资源名称</comment>
			</column>
		</property>
		<property name="tabname" type="java.lang.String">
			<column name="TABNAME" length="32">
				<comment>资源名称</comment>
			</column>
		</property>
		<property name="resourceurl" type="java.lang.String">
			<column name="RESOURCEURL" length="400">
				<comment>资源地址</comment>
			</column>
		</property>
		<property name="mobileurl" type="java.lang.String">
			<column name="MOBILEURL" length="400">
				<comment>移动客户端对应页面</comment>
			</column>
		</property>
		<property name="isvalidation" type="java.lang.String">
			<column name="ISVALIDATION" length="32">
				<comment>是否有效</comment>
			</column>
		</property>
		<property name="resourcecode" type="java.lang.String">
			<column name="RESOURCECODE" length="32">
				<comment>资源编码</comment>
			</column>
		</property>
		<property name="target" type="java.lang.Integer">
			<column name="TARGET">
				<comment>打开方式 1=普通方式 2=对话框方式 3=新建窗口</comment>
			</column>
		</property>
		<property name="menutype" type="java.lang.Integer">
			<column name="MENUTYPE">
				<comment>菜单类型</comment>
			</column>
		</property>
		<property name="selfclick" type="java.lang.String">
			<column name="SELFCLICK" length="400">
				<comment>自定义单击事件</comment>
			</column>
		</property>
		<property name="orderno" type="java.lang.Integer">
			<column name="ORDERNO">
				<comment>排序号</comment>
			</column>
		</property>
		<property name="display" type="java.lang.Integer">
			<column name="DISPLAY">
				<comment>隐藏还是显示 1=显示 0=隐藏</comment>
			</column>
		</property>
		<property name="remark" type="java.lang.String">
			<column name="REMARK" length="400">
				<comment>简介</comment>
			</column>
		</property>
		<property name="prompt" type="java.lang.String">
			<column name="PROMPT" length="400">
				<comment>提示</comment>
			</column>
		</property>
		<property name="displayAppId" type="java.lang.String">
			<column name="DISPLAYAPPID" length="32">
				<comment>显示的系统</comment>
			</column>
		</property>
		<property name="displayPId" type="java.lang.String">
			<column name="DISPLAYPID" length="32">
				<comment>显示的父资源</comment>
			</column>
		</property>
		<set name="rolesresourceses" inverse="true" cascade="all-delete-orphan">
			<key>
				<column name="RESOURCEID" length="32">
					<comment>资源ID</comment>
				</column>
			</key>
			<one-to-many class="com.sxsihe.oxhide.rolesresource.domain.Rolesresources"/>
		</set>
		<set name="resourcees" inverse="true" cascade="all-delete-orphan">
			<key>
				<column name="RESOURCEPID" length="32">
					<comment>资源ID</comment>
				</column>
			</key>
			<one-to-many class="com.sxsihe.oxhide.resource.domain.Resources"/>
		</set>
		<set name="commonmenus" inverse="true" cascade="all-delete-orphan">
			<key>
				<column name="USERID" length="32">
					<comment>ID</comment>
				</column>
			</key>
			<one-to-many class="com.sxsihe.oxhide.imenus.commonmenus.domain.Commonmenus"/>
		</set>
	</class>
	<class name="com.sxsihe.oxhide.resource.domain.ResourceSimply" table="resources" dynamic-insert="true" dynamic-update="true">
		<id name="resourceid" type="java.lang.String">
			<column name="RESOURCEID" length="32"/>
			<generator class="assigned"/>
		</id>
		<many-to-one name="application" class="com.sxsihe.oxhide.application.domain.Application" fetch="select" >
			<column name="APPID" length="32">
				<comment>系统id</comment>
			</column>
		</many-to-one>
		<property name="display" type="java.lang.Integer">
			<column name="DISPLAY">
				<comment>隐藏还是显示 1=显示 0=隐藏</comment>
			</column>
		</property>
		<property name="remark" type="java.lang.String">
			<column name="REMARK" length="400">
				<comment>简介</comment>
			</column>
		</property>
		<property name="prompt" type="java.lang.String">
			<column name="PROMPT" length="400">
				<comment>提示</comment>
			</column>
		</property>
		<property name="displayAppId" type="java.lang.String">
			<column name="DISPLAYAPPID" length="32">
				<comment>显示的系统</comment>
			</column>
		</property>
		<property name="displayPId" type="java.lang.String">
			<column name="DISPLAYPID" length="32">
				<comment>显示的父资源</comment>
			</column>
		</property>
		<property name="resourcecode" type="java.lang.String">
			<column name="RESOURCECODE" length="32">
				<comment>资源编码</comment>
			</column>
		</property>
		<property name="target" type="java.lang.Integer">
			<column name="TARGET">
				<comment>打开方式 1=普通方式 2=对话框方式 3=新建窗口</comment>
			</column>
		</property>
		<property name="menutype" type="java.lang.Integer">
			<column name="MENUTYPE">
				<comment>菜单类型</comment>
			</column>
		</property>
		<property name="selfclick" type="java.lang.String">
			<column name="SELFCLICK" length="400">
				<comment>自定义单击事件</comment>
			</column>
		</property>
		<property name="ico" type="java.lang.String">
			<column name="ICO" length="32">
				<comment>图标</comment>
			</column>
		</property>
		<property name="bigico" type="java.lang.String">
			<column name="BIGICO" length="32">
				<comment>大图标</comment>
			</column>
		</property>
		<property name="largeico" type="java.lang.String">
			<column name="LARGEICO" length="60">
				<comment>超大图标</comment>
			</column>
		</property>
		<property name="mobileico" type="java.lang.String">
			<column name="MOBILEICO" length="32">
				<comment>移动图标</comment>
			</column>
		</property>
		<property name="simplyname" type="java.lang.String">
			<column name="SIMPLYNAME" length="8">
				<comment>简称</comment>
			</column>
		</property>
		<property name="resourcename" type="java.lang.String">
			<column name="RESOURCENAME" length="32">
				<comment>资源名称</comment>
			</column>
		</property>
		<property name="tabname" type="java.lang.String">
			<column name="TABNAME" length="32">
				<comment>资源名称</comment>
			</column>
		</property>
		<property name="resourceurl" type="java.lang.String">
			<column name="RESOURCEURL" length="400">
				<comment>资源地址</comment>
			</column>
		</property>
		<property name="mobileurl" type="java.lang.String">
			<column name="MOBILEURL" length="400">
				<comment>移动客户端对应页面</comment>
			</column>
		</property>
	</class>
</hibernate-mapping>
