<?xml version="1.0" encoding="utf-8"?>
<!DOCTYPE hibernate-mapping PUBLIC "-//Hibernate/Hibernate Mapping DTD 3.0//EN"
"http://hibernate.sourceforge.net/hibernate-mapping-3.0.dtd">
<!-- 
    Mapping file autogenerated by MyEclipse Persistence Tools
-->
<hibernate-mapping>
    <class name="com.sxsihe.oxhide.rolesresource.domain.Rolesresources" table="rolesresources"  dynamic-insert="true" dynamic-update="true" >
        <id name="resourceroleid" type="java.lang.String">
            <column name="RESOURCEROLEID" length="32" />
            <generator class="uuid.hex" />
        </id>
        <many-to-one name="resources" class="com.sxsihe.oxhide.resource.domain.Resources" fetch="select">
            <column name="RESOURCEID" length="32">
                <comment>资源ID</comment>
            </column>
        </many-to-one>
        <many-to-one name="ssoroles" class="com.sxsihe.oxhide.ssoroles.domain.Ssoroles" fetch="select">
            <column name="ROLEID" length="32">
                <comment>角色ID</comment>
            </column>
        </many-to-one>
    </class>
</hibernate-mapping>
