<?xml version="1.0" encoding="utf-8"?>
<!DOCTYPE hibernate-mapping PUBLIC "-//Hibernate/Hibernate Mapping DTD 3.0//EN" "http://hibernate.sourceforge.net/hibernate-mapping-3.0.dtd">
<!-- 
    Mapping file autogenerated by MyEclipse Persistence Tools
-->
<hibernate-mapping>
	<class name="com.sxsihe.oxhide.runapps.domain.Runapps" table="runapps" dynamic-insert="true" dynamic-update="true">
		<id name="runid" type="java.lang.String">
			<column name="RUNID" length="32"/>
			<generator class="uuid.hex"/>
		</id>
		<property name="runname" type="java.lang.String">
			<column name="RUNNAME" length="32">
				<comment>启动项名称</comment>
			</column>
		</property>
		<property name="runpath" type="java.lang.String">
			<column name="RUNPATH" length="500">
				<comment>启动项命令</comment>
			</column>
		</property>
		<property name="needclose" type="java.lang.String">
			<column name="NEEDCLOSE" length="1">
				<comment>是否需要关闭</comment>
			</column>
		</property>
		<property name="enable" type="java.lang.String">
			<column name="ENABLE" length="1">
				<comment>是否有效</comment>
			</column>
		</property>
		<property name="remark" type="java.lang.String">
			<column name="REMARK" length="500">
				<comment>备注</comment>
			</column>
		</property>
	</class>
</hibernate-mapping>
