<?xml version="1.0" encoding="utf-8"?>
<!DOCTYPE hibernate-mapping PUBLIC "-//Hibernate/Hibernate Mapping DTD 3.0//EN" "http://hibernate.sourceforge.net/hibernate-mapping-3.0.dtd">
<!-- 
    Mapping file autogenerated by MyEclipse Persistence Tools
-->
<hibernate-mapping>
	<class name="com.sxsihe.oxhide.config.domain.Sysconfig" table="sysconfig" dynamic-insert="true" dynamic-update="true">
		<id name="scode" type="java.lang.String">
			<column name="SCODE" length="32"/>
			<generator class="assigned"/>
		</id>
		<property name="svalue" type="java.lang.String">
			<column name="SVALUE" length="200"/>
		</property>
	</class>
</hibernate-mapping>
