<?xml version="1.0" encoding="gbk"?>
<!DOCTYPE beans PUBLIC "-//SPRING//DTD BEAN//EN" "http://www.springframework.org/dtd/spring-beans.dtd">
<beans default-autowire="byName">
	<bean name="sessionHouse" class="com.sxsihe.oxhide.login.service.SessionHouse" />

	<bean name="/loginAction" class="com.sxsihe.oxhide.login.action.LoginAction">
		<property name="ssouserService" ref="ssouserService" />
		<property name="accessService" ref="accessService" />
		<property name="employeeService" ref="employeeService" />
		<property name="sessionHouse" ref="sessionHouse" />
		<property name="boxmenusService" ref="boxmenusService" />
		<property name="commonmenusService" ref="commonmenusService" />
	</bean>
	<bean name="/siheAction" class="com.sxsihe.oxhide.login.action.LoginHelpAction">
		<property name="ssouserService" ref="ssouserService" />
		<property name="employeeService" ref="employeeService" />
		<property name="sessionHouse" ref="sessionHouse" />
		<property name="boxmenusService" ref="boxmenusService" />
		<property name="commonmenusService" ref="commonmenusService" />
		<property name="feedbackService" ref="feedbackService"/>
		<property name="resourceService" ref="resourceService"/> 
	</bean>
	
</beans>