<?xml version="1.0" encoding="GBK"?>
<!DOCTYPE beans PUBLIC "-//SPRING//DTD BEAN//EN" "http://www.springframework.org/dtd/spring-beans.dtd">
<beans default-autowire="byName"> 
  <bean id="feedbackDAO" class="com.sxsihe.oxhide.feedback.dao.hibernateImpl.FeedbackDAOImpl"> 
    <property name="template" ref="template"/> 
  </bean>  
  <bean id="feedbackService" parent="baseTxService"> 
    <property name="target"> 
      <bean id="feedbackServiceTarget" class="com.sxsihe.oxhide.feedback.service.FeedbackServiceImpl"> 
        <property name="dao" ref="feedbackDAO"/> 
      </bean> 
    </property> 
  </bean>
  <bean name="/feedbackLoadAction" class="com.sxsihe.oxhide.feedback.action.FeedbackShowAction"> 
    <property name="service" ref="feedbackService"/> 
  </bean>
  <bean name="/feedbackShowAction" class="com.sxsihe.oxhide.feedback.action.FeedbackShowAction"> 
    <property name="service" ref="feedbackService"/> 
  </bean>
  <bean name="/feedbackSaveAction" class="com.sxsihe.oxhide.feedback.action.FeedbackSaveAction"> 
    <property name="service" ref="feedbackService"/> 
  </bean>
  <bean name="/feedbackDeleteAction" class="com.sxsihe.oxhide.feedback.action.FeedbackDeleteAction"> 
    <property name="service" ref="feedbackService"/> 
  </bean>
</beans>
	