<?xml version="1.0" encoding="GBK"?>
<!DOCTYPE beans PUBLIC "-//SPRING//DTD BEAN//EN" "http://www.springframework.org/dtd/spring-beans.dtd">
<beans default-autowire="byName">

	<bean id="tokensDAO" class="com.sxsihe.oxhide.message.token.dao.hibernateImpl.TokensDAOImpl">
		<property name="template" ref="template" />
	</bean>
	<bean id="tokensService" parent="baseTxService">
		<property name="target">
			<bean id="tokensServiceTarget" class="com.sxsihe.oxhide.message.token.service.TokensServiceImpl">
				<property name="dao" ref="tokensDAO" />
			</bean>
		</property>
	</bean>


	<bean id="unmobileDAO" class="com.sxsihe.oxhide.message.mobile.dao.hibernateImpl.UnmobileDAOImpl">
		<property name="template" ref="template" />
	</bean>
	<bean id="unmobileService" parent="baseTxService">
		<property name="target">
			<bean id="unmobileServiceTarget" class="com.sxsihe.oxhide.message.mobile.service.UnmobileServiceImpl">
				<property name="dao" ref="unmobileDAO" />
			</bean>
		</property>
	</bean>

	<bean id="senderManger" class="com.sxsihe.oxhide.message.SenderManger" />
	<bean id="messageSender" class="com.sxsihe.oxhide.message.MessageSender" />
	<bean id="mobileHandle" class="com.sxsihe.oxhide.message.mobile.MobileHandle">
		<property name="applicationService" ref="applicationService" />
		<property name="employeeService" ref="employeeService" />
		<property name="unmobileService" ref="unmobileService" />
	</bean>


	<bean id="android" class="com.sxsihe.oxhide.message.android.AndroidService">
		<property name="ssouserService" ref="ssouserService" />
		<property name="senderManger" ref="senderManger" />
	</bean>

	<bean id="apple" class="com.sxsihe.oxhide.message.apple.AppleService">
		<property name="ssouserService" ref="ssouserService" />
		<property name="senderManger" ref="senderManger" />
	</bean>
	<bean id="dwr" class="com.sxsihe.oxhide.message.dwr.DwrService">
		<property name="ssouserService" ref="ssouserService" />
		<property name="senderManger" ref="senderManger" />
		<property name="sessionHouse" ref="sessionHouse" />
	</bean>
	<bean id="mobile" class="com.sxsihe.oxhide.message.mobile.MobileService">
		<property name="ssouserService" ref="ssouserService" />
		<property name="senderManger" ref="senderManger" />
		<property name="mobileHandle" ref="mobileHandle" />
	</bean>
</beans>
