<?xml version="1.0" encoding="GBK"?>
<!DOCTYPE beans PUBLIC "-//SPRING//DTD BEAN//EN" "http://www.springframework.org/dtd/spring-beans.dtd">

<beans default-autowire="byName"> 
  <bean id="rolesresourcesDAO" class="com.sxsihe.oxhide.rolesresource.dao.hibernateImpl.RolesresourcesDAOImpl"> 
    <property name="template" ref="template"/> 
  </bean>  
  <bean id="rolesresourceService" parent="baseTxService"> 
    <property name="target"> 
      <bean id="rolesresourceServiceTarget" class="com.sxsihe.oxhide.rolesresource.service.RolesresourceServiceImpl"> 
        <property name="dao" ref="rolesresourcesDAO"/> 
      </bean> 
    </property> 
  </bean>

</beans>
