<?xml version="1.0" encoding="GBK"?>
<!DOCTYPE beans PUBLIC "-//SPRING//DTD BEAN//EN" "http://www.springframework.org/dtd/spring-beans.dtd">

<beans default-autowire="byName"> 
  <bean id="applicationDAO" class="com.sxsihe.oxhide.application.dao.hibernateImpl.ApplicationDAOImpl"> 
    <property name="template" ref="template"/> 
  </bean>  
  <bean id="applicationService" parent="baseTxService"> 
    <property name="target"> 
      <bean id="applicationServiceTarget" class="com.sxsihe.oxhide.application.service.ApplicationServiceImpl"> 
        <property name="dao" ref="applicationDAO"/> 
      </bean> 
    </property> 
  </bean>
  <bean name="/applicationLoadAction" class="com.sxsihe.oxhide.application.action.ApplicationShowAction"> 
    <property name="service" ref="applicationService"/> 
  </bean>
  <bean name="/applicationShowAction" class="com.sxsihe.oxhide.application.action.ApplicationShowAction"> 
    <property name="service" ref="applicationService"/> 
  </bean>
  <bean name="/applicationSaveAction" class="com.sxsihe.oxhide.application.action.ApplicationSaveAction"> 
    <property name="service" ref="applicationService"/> 
  </bean>
  <bean name="/applicationDeleteAction" class="com.sxsihe.oxhide.application.action.ApplicationDeleteAction"> 
    <property name="service" ref="applicationService"/> 
  </bean>
</beans>
