<?xml version="1.0" encoding="GBK"?>
<!DOCTYPE beans PUBLIC "-//SPRING//DTD BEAN//EN" "http://www.springframework.org/dtd/spring-beans.dtd">

<beans default-autowire="byName">
	<bean id="usersrolesDAO" class="com.sxsihe.oxhide.usersroles.dao.hibernateImpl.UsersrolesDAOImpl">
		<property name="template" ref="template" />
	</bean>
	<bean id="usersrolesService" parent="baseTxService">
		<property name="target">
			<bean id="usersrolesServiceTarget" class="com.sxsihe.oxhide.usersroles.service.UsersrolesServiceImpl">
				<property name="dao" ref="usersrolesDAO" />
			</bean>
		</property>
	</bean>
</beans>
