<?xml version="1.0" encoding="GBK"?>
<!DOCTYPE beans PUBLIC "-//SPRING//DTD BEAN//EN" "http://www.springframework.org/dtd/spring-beans.dtd">
<beans default-autowire="byName"> 
  <bean id="familymembersDAO" class="com.sxsihe.oxhide.familymembers.dao.hibernateImpl.FamilymembersDAOImpl"> 
    <property name="template" ref="template"/> 
  </bean>  
  <bean id="familymembersService" parent="baseTxService"> 
    <property name="target"> 
      <bean id="familymembersServiceTarget" class="com.sxsihe.oxhide.familymembers.service.FamilymembersServiceImpl"> 
        <property name="dao" ref="familymembersDAO"/> 
      </bean> 
    </property> 
  </bean>
</beans>
	