<?xml version="1.0" encoding="GBK"?>
<!DOCTYPE beans PUBLIC "-//SPRING//DTD BEAN//EN" "http://www.springframework.org/dtd/spring-beans.dtd">

<beans default-autowire="byName"> 
  <bean id="ssorolesDAO" class="com.sxsihe.oxhide.ssoroles.dao.hibernateImpl.SsorolesDAOImpl"> 
    <property name="template" ref="template"/> 
  </bean>  
  <bean id="ssorolesService" parent="baseTxService"> 
    <property name="target"> 
      <bean id="ssorolesServiceTarget" class="com.sxsihe.oxhide.ssoroles.service.SsorolesServiceImpl"> 
        <property name="dao" ref="ssorolesDAO"/> 
      </bean> 
    </property> 
  </bean>
  <bean name="/ssorolesLoadAction" class="com.sxsihe.oxhide.ssoroles.action.SsorolesShowAction"> 
    <property name="service" ref="ssorolesService"/> 
  </bean>
  <bean name="/ssorolesShowAction" class="com.sxsihe.oxhide.ssoroles.action.SsorolesShowAction"> 
    <property name="service" ref="ssorolesService"/> 
  </bean>
  <bean name="/ssorolesSaveAction" class="com.sxsihe.oxhide.ssoroles.action.SsorolesSaveAction"> 
    <property name="service" ref="ssorolesService"/> 
  </bean>
  <bean name="/ssorolesDeleteAction" class="com.sxsihe.oxhide.ssoroles.action.SsorolesDeleteAction"> 
    <property name="service" ref="ssorolesService"/> 
  </bean>
</beans>
