<?xml version="1.0" encoding="GBK"?>
<!DOCTYPE beans PUBLIC "-//SPRING//DTD BEAN//EN" "http://www.springframework.org/dtd/spring-beans.dtd">
<beans default-autowire="byName">
	<bean id="sysconfigDAO" class="com.sxsihe.oxhide.config.dao.hibernateImpl.SysconfigDAOImpl">
		<property name="template" ref="template" />
	</bean>
	<bean id="sysconfigService" parent="baseTxService">
		<property name="target">
			<bean id="sysconfigServiceTarget" class="com.sxsihe.oxhide.config.service.SysconfigServiceImpl">
				<property name="android" ref="android" />
				<property name="mobile" ref="mobile" />
				<property name="createIndex" ref="indexCrearer" />
				<property name="dao" ref="sysconfigDAO" />
			</bean>
		</property>
	</bean>
	<bean name="/sysconfigAction" class="com.sxsihe.oxhide.config.action.SysconfigAction">
		<property name="service" ref="sysconfigService" />
	</bean>
</beans>
	