<?xml version="1.0" encoding="UTF-8"?>
<mappings>
	<mapping>
		<method name="findObjectsByCondition">
			<parameter index="1" componentType="java.lang.Boolean" />
			<return-type componentType="com.sxsihe.oxhide.organ.domain.Organ" />
		</method>
		<method name="getAll">
			<return-type componentType="com.sxsihe.oxhide.organ.domain.Organ" />
		</method>
		<method name="findObjectBykey">
			<return-type componentType="com.sxsihe.oxhide.organ.domain.Organ" />
		</method>
		<method name="getChildOrgan">
			<return-type componentType="com.sxsihe.oxhide.organ.domain.Organ" />
		</method>
		<method name="save">
			<parameter index="0" componentType="com.sxsihe.oxhide.organ.domain.Organ" />
		</method>
	</mapping>
</mappings>
