<?xml version="1.0"?>
<!DOCTYPE hibernate-mapping PUBLIC "-//Hibernate/Hibernate Mapping DTD 3.0//EN"
"http://hibernate.sourceforge.net/hibernate-mapping-3.0.dtd">
<!-- 
	Mapping file autogenerated by MyEclipse - Hibernate Tools
-->
<hibernate-mapping package="com.sxsihe.accessories"  >
	<class name="Accessories" table="t_accessories" dynamic-insert="true" dynamic-update="true" >
		<id name="id" type="string">
			<column name="ACCE_ID" length="60" />
			<generator class="uuid.hex"></generator>
		</id>
		<property name="itemId" type="string">
			<column name="ITEM_ID" length="60" />
		</property>
		<property name="path" type="string">
			<column name="FILE_PATH" length="200" />
		</property>
		<property name="fileName" type="string">
			<column name="FILE_NAME" length="200" />
		</property>
		<property name="size" type="long">
			<column name="FILE_SIZE" precision="16" scale="0" />
		</property>
		<property name="uploadDate" type="string">
			<column name="UPLOAD_DATE" length="20" />
		</property>
		<property name="showAsImage" type="short">
			<column name="SHOW_AS_IMAGE" precision="1" scale="0" />
		</property>
		<property name="employeeid" type="string">
			<column name="EMPLOYEEID" length="32" />
		</property>
		<property name="employeename" type="string">
			<column name="EMPLOYEENAME" length="32" />
		</property>
		<property name="filetype" type="string">
			<column name="FILETYPE" length="32" />
		</property>
		<property name="realpath" type="string">
			<column name="REALPATH" length="300" />
		</property>
	</class>
</hibernate-mapping>
