<?xml version="1.0" encoding="utf-8"?>
<!DOCTYPE hibernate-mapping PUBLIC "-//Hibernate/Hibernate Mapping DTD 3.0//EN" "http://hibernate.sourceforge.net/hibernate-mapping-3.0.dtd">
<!--
    Mapping file autogenerated by MyEclipse Persistence Tools
-->
<hibernate-mapping>
	<class name="com.sxsihe.coder.tables.domain.Tables" table="tables" dynamic-insert="true" dynamic-update="true">
		<id name="tid" type="java.lang.String">
			<column name="TID" length="32"/>
			<generator class="assigned"/>
		</id>
		<many-to-one name="tables" class="com.sxsihe.coder.tables.domain.Tables" fetch="select">
			<column name="PTID" length="32">
				<comment>父表</comment>
			</column>
		</many-to-one>
		<property name="tcode" type="java.lang.String">
			<column name="TCODE" length="32">
				<comment>表名</comment>
			</column>
		</property>
		<property name="tname" type="java.lang.String">
			<column name="TNAME" length="32">
				<comment>中文名</comment>
			</column>
		</property>
		<property name="remark" type="java.lang.String">
			<column name="REMARK" length="200">
				<comment>备注</comment>
			</column>
		</property>
		<property name="maincol" type="java.lang.String">
			<column name="MAINCOL" length="32">
				<comment>主要属性</comment>
			</column>
		</property>
		<property name="menuid" type="java.lang.String">
			<column name="MENUID" length="32">
				<comment>菜单id</comment>
			</column>
		</property>
		<set name="tablees" inverse="true" cascade="all-delete-orphan">
			<key>
				<column name="PTID" length="32">
					<comment>父表</comment>
				</column>
			</key>
			<one-to-many class="com.sxsihe.coder.tables.domain.Tables"/>
		</set>
		<set name="dataids" inverse="true" cascade="all-delete-orphan">
			<key>
				<column name="TID" length="32">
				</column>
			</key>
			<one-to-many class="com.sxsihe.coder.dataid.domain.Dataid"/>
		</set>
		<set name="sels" inverse="true" cascade="all-delete-orphan" order-by="orderno asc">
			<key>
				<column name="TID" length="32">
				</column>
			</key>
			<one-to-many class="com.sxsihe.coder.sels.domain.Sels"/>
		</set>
		<set name="cols" inverse="true" cascade="all-delete-orphan" order-by="orderno asc">
			<key>
				<column name="TID" length="32">
				</column>
			</key>
			<one-to-many class="com.sxsihe.coder.columns.domain.Columns"/>
		</set>
	</class>


	<class name="com.sxsihe.coder.columns.domain.Columns" table="columns" dynamic-insert="true" dynamic-update="true">
		<id name="cid" type="java.lang.String">
			<column name="CID" length="32"/>
			<generator class="assigned"/>
		</id>
		<many-to-one name="tables" class="com.sxsihe.coder.tables.domain.Tables" fetch="select">
			<column name="TID" length="32"/>
		</many-to-one>
		<property name="cname" type="java.lang.String">
			<column name="CNAME" length="32">
				<comment>列名</comment>
			</column>
		</property>
		<property name="rule" type="java.lang.String">
			<column name="RULE" length="200">
				<comment>规则</comment>
			</column>
		</property>
		<property name="showtype" type="java.lang.String">
			<column name="SHOWTYPE" length="200">
				<comment>显示类型</comment>
			</column>
		</property>
		<property name="orderno" type="java.lang.String">
			<column name="ORDERNO" length="1">
				<comment>排序号</comment>
			</column>
		</property>
		<property name="isshow" type="java.lang.String">
			<column name="ISSHOW" length="1">
				<comment>显示到列表</comment>
			</column>
		</property>
		<property name="ismust" type="java.lang.String">
			<column name="ISMUST" length="1">
				<comment>是否必填</comment>
			</column>
		</property>
		<property name="ismain" type="java.lang.String">
			<column name="ISMAIN" length="1">
				<comment>是否主属性</comment>
			</column>
		</property>
		<property name="width" type="java.lang.String">
			<column name="WIDTH" length="32">
				<comment>列表宽度</comment>
			</column>
		</property>
		<property name="ccode" type="java.lang.String">
			<column name="CCODE" length="32">
				<comment>列编码</comment>
			</column>
		</property>
		<property name="timer" type="java.lang.String">
			<column name="TIMER" length="32">
				<comment>时间控件</comment>
			</column>
		</property>
		<property name="getdata" type="java.lang.String">
			<column name="GETDATA" length="1">
				<comment>取数类型 1=不取，2=数据字典，3=静态</comment>
			</column>
		</property>
		<property name="data" type="java.lang.String">
			<column name="DATA" length="4000">
				<comment>取数类型 1=不取，2=数据字典，3=静态</comment>
			</column>
		</property>
		<set name="sels" inverse="true" cascade="all-delete-orphan">
			<key>
				<column name="CID" length="32"/>
			</key>
			<one-to-many class="com.sxsihe.coder.sels.domain.Sels"/>
		</set>
		<set name="datas" inverse="true" cascade="all-delete-orphan">
			<key>
				<column name="CID" length="32"/>
			</key>
			<one-to-many class="com.sxsihe.coder.datas.domain.Datas"/>
		</set>
	</class>

	<class name="com.sxsihe.coder.sels.domain.Sels" table="sels" dynamic-insert="true" dynamic-update="true">
		<id name="sid" type="java.lang.String">
			<column name="SID" length="32"/>
			<generator class="assigned"/>
		</id>
		<many-to-one name="columns" class="com.sxsihe.coder.columns.domain.Columns" fetch="select">
			<column name="CID" length="32"/>
		</many-to-one>
		<many-to-one name="tables" class="com.sxsihe.coder.tables.domain.Tables" >
			<column name="TID" length="32"/>
		</many-to-one>
		<property name="sname" type="java.lang.String">
			<column name="SNAME" length="32">
				<comment>名称</comment>
			</column>
		</property>
		<property name="swith" type="java.lang.Integer">
			<column name="SWITH">
				<comment>关系</comment>
			</column>
		</property>
		<property name="timer" type="java.lang.String">
			<column name="TIMER" length="32">
				<comment>时间控件</comment>
			</column>
		</property>
		<property name="orderno" type="java.lang.String">
			<column name="ORDERNO" length="1">
				<comment>排序号</comment>
			</column>
		</property>
		<property name="showtype" type="java.lang.String">
			<column name="SHOWTYPE" length="1">
				<comment>显示类型</comment>
			</column>
		</property>
		<property name="cname" type="java.lang.String">
			<column name="CNAME" length="32">
				<comment>别名</comment>
			</column>
		</property>
		<property name="getdata" type="java.lang.String">
			<column name="GETDATA" length="1">
				<comment>取数类型 1=不取，2=数据字典，3=静态</comment>
			</column>
		</property>
		<property name="data" type="java.lang.String">
			<column name="DATA" length="4000">
				<comment>取数配置</comment>
			</column>
		</property>
	</class>


    <class name="com.sxsihe.coder.dataid.domain.Dataid" table="dataid" >
        <id name="dtid" type="java.lang.String">
            <column name="DTID" length="32" />
            <generator class="assigned"/>
        </id>
		<many-to-one name="dataid" class="com.sxsihe.coder.dataid.domain.Dataid" fetch="select">
            <column name="PDTID" length="32"/>
		</many-to-one>
		<many-to-one name="tables" class="com.sxsihe.coder.tables.domain.Tables" fetch="select">
            <column name="TID" length="32"/>
		</many-to-one>
		<set name="datas" inverse="true" cascade="all-delete-orphan">
			<key>
				<column name="DTID" length="32" />
			</key>
			<one-to-many class="com.sxsihe.coder.datas.domain.Datas" />
		</set>
    </class>


    <class name="com.sxsihe.coder.datas.domain.Datas" table="datas" >
        <id name="did" type="java.lang.String">
            <column name="DID" length="32" />
            <generator class="uuid.hex" />
        </id>
		<many-to-one name="columns" class="com.sxsihe.coder.columns.domain.Columns" fetch="select">
            <column name="CID" length="32"/>
		</many-to-one>
		<many-to-one name="dataid" class="com.sxsihe.coder.dataid.domain.Dataid" fetch="select">
            <column name="DTID" length="32"/>
		</many-to-one>
        <property name="dvalue" type="java.lang.String">
            <column name="DVALUE" length="4000">
                <comment>值</comment>
            </column>
        </property>
    </class>

</hibernate-mapping>
