<?xml version="1.0" encoding="utf-8"?>
<!DOCTYPE hibernate-mapping PUBLIC "-//Hibernate/Hibernate Mapping DTD 3.0//EN"
"http://hibernate.sourceforge.net/hibernate-mapping-3.0.dtd">
<!-- 
    Mapping file autogenerated by MyEclipse Persistence Tools
-->
<hibernate-mapping>
    <class name="com.sxsihe.oxhide.dictionary.domain.Dictionary" table="dictionary"  dynamic-insert="true" dynamic-update="true" >
        <id name="did" type="java.lang.String">
            <column name="DID" length="32" />
            <generator class="uuid.hex" />
        </id>
        <property name="dname" type="java.lang.String">
            <column name="DNAME" length="32">
                <comment>数据字典名称</comment>
            </column>
        </property>
        <property name="dcode" type="java.lang.String">
            <column name="DCODE" length="32">
                <comment>数据字典编码</comment>
            </column>
        </property>
        <property name="remark" type="java.lang.String">
            <column name="REMARK" length="100">
                <comment>说明</comment>
            </column>
        </property>
        <set name="dictionarycontents" inverse="true" cascade="all-delete-orphan">
            <key>
                <column name="DID" length="32">
                    <comment>ID</comment>
                </column>
            </key>
            <one-to-many class="com.sxsihe.oxhide.dictionarycontent.domain.Dictionarycontent" />
        </set>
    </class>
</hibernate-mapping>
