<?xml version="1.0" encoding="utf-8"?>
<!DOCTYPE hibernate-mapping PUBLIC "-//Hibernate/Hibernate Mapping DTD 3.0//EN" "http://hibernate.sourceforge.net/hibernate-mapping-3.0.dtd">
<!-- 
    Mapping file autogenerated by MyEclipse Persistence Tools
-->
<hibernate-mapping>
	<class name="com.sxsihe.oxhide.helpdoc.domain.Helpdoc" table="helpdoc" dynamic-insert="true" dynamic-update="true">
		<id name="hid" type="java.lang.String">
			<column name="HID" length="32"/>
			<generator class="uuid.hex"/>
		</id>
		<property name="hcontent" type="java.lang.String">
			<column name="HCONTENT" length="2147483647"/>
		</property>
		<property name="itemid" type="java.lang.String">
			<column name="ITEMID" length="64">
				<comment>业务ID</comment>
			</column>
		</property>
	</class>
</hibernate-mapping>
