<?xml version="1.0" encoding="utf-8"?>
<!DOCTYPE hibernate-mapping PUBLIC "-//Hibernate/Hibernate Mapping DTD 3.0//EN" "http://hibernate.sourceforge.net/hibernate-mapping-3.0.dtd">
<!-- 
    Mapping file autogenerated by MyEclipse Persistence Tools
-->
<hibernate-mapping>
	<class name="com.sxsihe.oxhide.imenus.boxmenus.domain.Boxmenus" table="boxmenus" dynamic-insert="true" dynamic-update="true">
		<id name="bid" type="java.lang.String">
			<column name="BID" length="32"/>
			<generator class="assigned"/>
		</id>
		<many-to-one name="ssousers" class="com.sxsihe.oxhide.ssouser.domain.Ssousers" fetch="select">
			<column name="USERID" length="32">
				<comment>ID</comment>
			</column>
		</many-to-one>
		<property name="menuname" type="java.lang.String">
			<column name="MENUNAME" length="32"/>
		</property>
		<property name="menuurl" type="java.lang.String">
			<column name="MENUURL" length="200"/>
		</property>
	</class>
	
	<class name="com.sxsihe.oxhide.imenus.commonmenus.domain.Commonmenus" table="commonmenus" dynamic-insert="true" dynamic-update="true">
		<id name="cid" type="java.lang.String">
			<column name="CID" length="32"/>
			<generator class="uuid.hex"/>
		</id>
		<many-to-one name="resources" class="com.sxsihe.oxhide.resource.domain.Resources" fetch="select">
			<column name="RESOURCEID" length="32">
				<comment>资源ID</comment>
			</column>
		</many-to-one>
		<many-to-one name="ssousers" class="com.sxsihe.oxhide.ssouser.domain.Ssousers" fetch="select">
			<column name="USERID" length="32">
				<comment>ID</comment>
			</column>
		</many-to-one>
	</class>
</hibernate-mapping>
