<?xml version="1.0" encoding="utf-8"?>
<!DOCTYPE hibernate-mapping PUBLIC "-//Hibernate/Hibernate Mapping DTD 3.0//EN" "http://hibernate.sourceforge.net/hibernate-mapping-3.0.dtd">
<!-- 
    Mapping file autogenerated by MyEclipse Persistence Tools
-->
<hibernate-mapping>
	<class name="com.sxsihe.oxhide.post.domain.Posts" table="posts" dynamic-insert="true" dynamic-update="true">
		<id name="postid" type="java.lang.String">
			<column name="POSTID" length="32"/>
			<generator class="uuid.hex"/>
		</id>
		<many-to-one name="deptment" class="com.sxsihe.oxhide.dept.domain.Deptment" fetch="select" lazy="false">
			<column name="DEPTID" length="32">
				<comment>部门ID</comment>
			</column>
		</many-to-one>
		<many-to-one name="posts" class="com.sxsihe.oxhide.post.domain.Posts" fetch="select" lazy="false">
			<column name="POSTPID" length="32">
				<comment>父岗位ID</comment>
			</column>
		</many-to-one>
		<property name="postname" type="java.lang.String">
			<column name="POSTNAME" length="32">
				<comment>岗位名称</comment>
			</column>
		</property>
		<property name="postcode" type="java.lang.String">
			<column name="POSTCODE" length="32">
				<comment>岗位编号</comment>
			</column>
		</property>
		<property name="orderno" type="java.lang.Integer">
			<column name="ORDERNO">
				<comment>排序号</comment>
			</column>
		</property>
		<property name="isvalidation" type="java.lang.Integer">
			<column name="ISVALIDATION">
				<comment>是否有效</comment>
			</column>
		</property>
		<property name="remark" type="java.lang.String">
			<column name="REMARK" length="100">
				<comment>备注</comment>
			</column>
		</property>
		<set name="employees" inverse="true" cascade="all-delete-orphan" order-by="employeecode">
			<key>
				<column name="POSTID" length="32">
					<comment>岗位ID</comment>
				</column>
			</key>
			<one-to-many class="com.sxsihe.oxhide.employee.domain.Employee"/>
		</set>
		<set name="postses" inverse="true" cascade="all-delete-orphan" order-by="postcode">
			<key>
				<column name="POSTPID" length="32">
					<comment>岗位ID</comment>
				</column>
			</key>
			<one-to-many class="com.sxsihe.oxhide.post.domain.Posts"/>
		</set>
	</class>
</hibernate-mapping>
