<?xml version="1.0" encoding="utf-8"?>
<!DOCTYPE hibernate-mapping PUBLIC "-//Hibernate/Hibernate Mapping DTD 3.0//EN"
"http://hibernate.sourceforge.net/hibernate-mapping-3.0.dtd">
<!-- 
	Mapping file autogenerated by MyEclipse Persistence Tools
-->
<hibernate-mapping>
	<class name="com.sxsihe.oxhide.rolesapp.domain.Rolesapp" table="rolesapp"  dynamic-insert="true" dynamic-update="true">
		<id name="rolesappid" type="java.lang.String">
			<column name="ROLESAPPID" length="32" />
			<generator class="uuid.hex" />
		</id>
        <many-to-one name="application" class="com.sxsihe.oxhide.application.domain.Application" fetch="select">
            <column name="APPID" length="32">
                <comment>ID</comment>
            </column>
        </many-to-one>
        <many-to-one name="ssoroles" class="com.sxsihe.oxhide.ssoroles.domain.Ssoroles" fetch="select">
            <column name="ROLEID" length="32">
                <comment>角色ID</comment>
            </column>
        </many-to-one>
	</class>
</hibernate-mapping>
