<?xml version="1.0" encoding="utf-8"?>
<!DOCTYPE hibernate-mapping PUBLIC "-//Hibernate/Hibernate Mapping DTD 3.0//EN"
"http://hibernate.sourceforge.net/hibernate-mapping-3.0.dtd">
<!-- 
    Mapping file autogenerated by MyEclipse Persistence Tools
-->
<hibernate-mapping>
    <class name="com.sxsihe.oxhide.ssoroles.domain.Ssoroles" table="ssoroles"  dynamic-insert="true" dynamic-update="true">
        <id name="roleid" type="java.lang.String">
            <column name="ROLEID" length="32" />
            <generator class="uuid.hex" />
        </id>
        <property name="rolename" type="java.lang.String">
            <column name="ROLENAME" length="32">
                <comment>角色名字</comment>
            </column>
        </property>
        <property name="rolecode" type="java.lang.String">
            <column name="ROLECODE" length="32">
                <comment>角色编码</comment>
            </column>
        </property>
        <property name="remark" type="java.lang.String">
            <column name="REMARK" length="100">
                <comment>备注</comment>
            </column>
        </property>
        <property name="isvalidation" type="java.lang.Integer">
            <column name="ISVALIDATION">
                <comment>是否有效</comment>
            </column>
        </property>
        <set name="usersroleses" inverse="true" cascade="all-delete-orphan">
            <key>
                <column name="ROLEID" length="32">
                    <comment>角色ID</comment>
                </column>
            </key>
            <one-to-many class="com.sxsihe.oxhide.usersroles.domain.Usersroles" />
        </set>
        <set name="rolesresourceses" inverse="true" cascade="all-delete-orphan">
            <key>
                <column name="ROLEID" length="32">
                    <comment>角色ID</comment>
                </column>
            </key>
            <one-to-many class="com.sxsihe.oxhide.rolesresource.domain.Rolesresources" />
        </set>
        <set name="rolesapp" inverse="true" cascade="all-delete-orphan">
            <key>
                <column name="ROLEID" length="32">
                    <comment>角色ID</comment>
                </column>
            </key>
            <one-to-many class="com.sxsihe.oxhide.rolesapp.domain.Rolesapp" />
        </set>
    </class>
</hibernate-mapping>
