<?xml version="1.0" encoding="utf-8"?>
<!DOCTYPE hibernate-mapping PUBLIC "-//Hibernate/Hibernate Mapping DTD 3.0//EN" "http://hibernate.sourceforge.net/hibernate-mapping-3.0.dtd">
<!--
    Mapping file autogenerated by MyEclipse Persistence Tools
-->
<hibernate-mapping>
	<class name="com.sxsihe.oxhide.ssouser.domain.Ssousers" table="ssousers" dynamic-insert="true" dynamic-update="true">
		<id name="userid" type="java.lang.String">
			<column name="USERID" length="32"/>
			<generator class="assigned"/>
		</id>
		<many-to-one name="employee" class="com.sxsihe.oxhide.employee.domain.Employee" fetch="select" lazy="false">
			<column name="EMPLOYEEID" length="32">
				<comment>员工ID</comment>
			</column>
		</many-to-one>
		<property name="username" type="java.lang.String">
			<column name="USERNAME" length="32">
				<comment>用户名</comment>
			</column>
		</property>
		<property name="password" type="java.lang.String">
			<column name="PASSWORD" length="32">
				<comment>密码</comment>
			</column>
		</property>
		<property name="apple" type="java.lang.String">
			<column name="APPLE" length="64">
				<comment>IPAD</comment>
			</column>
		</property>
		<property name="isvalidation" type="java.lang.Integer">
			<column name="ISVALIDATION">
				<comment>是否有效</comment>
			</column>
		</property>
		<property name="facestyle" type="java.lang.String">
			<column name="FACESTYLE" length="32">
				<comment>样式</comment>
			</column>
		</property>
		<property name="issingel" type="java.lang.Integer">
			<column name="ISSINGEL">
				<comment>是否单点登陆</comment>
			</column>
		</property>
		<property name="android" type="java.lang.String">
			<column name="ANDROID" length="64">
				<comment>安卓</comment>
			</column>
		</property>
		<property name="desk" type="java.lang.String">
			<column name="DESK" length="2147483647">
				<comment>个人桌面</comment>
			</column>
		</property>
		<property name="deskType" type="java.lang.String">
			<column name="DESKTYPE" length="1">
				<comment>个人桌面布局</comment>
			</column>
		</property>
		<set name="usersroleses" inverse="true" cascade="all-delete-orphan">
			<key>
				<column name="USERID" length="32">
					<comment>ID</comment>
				</column>
			</key>
			<one-to-many class="com.sxsihe.oxhide.usersroles.domain.Usersroles"/>
		</set>
		<set name="tokens" inverse="true" cascade="all-delete-orphan">
			<key>
				<column name="USERID" length="32">
					<comment>ID</comment>
				</column>
			</key>
			<one-to-many class="com.sxsihe.oxhide.message.token.domain.Tokens"/>
		</set>
		<set name="boxmenus" inverse="true" cascade="all-delete-orphan">
			<key>
				<column name="USERID" length="32">
					<comment>ID</comment>
				</column>
			</key>
			<one-to-many class="com.sxsihe.oxhide.imenus.boxmenus.domain.Boxmenus"/>
		</set>
		<set name="commonmenus" inverse="true" cascade="all-delete-orphan">
			<key>
				<column name="USERID" length="32">
					<comment>ID</comment>
				</column>
			</key>
			<one-to-many class="com.sxsihe.oxhide.imenus.commonmenus.domain.Commonmenus"/>
		</set>
	</class>
</hibernate-mapping>
