<?xml version="1.0" encoding="utf-8"?>
<!DOCTYPE hibernate-mapping PUBLIC "-//Hibernate/Hibernate Mapping DTD 3.0//EN"
"http://hibernate.sourceforge.net/hibernate-mapping-3.0.dtd">
<hibernate-mapping>
	<class name="com.sxsihe.oxhide.systemlog.domain.Systemlog" table="systemlog">
		<id name="sid" type="java.lang.String">
			<column name="SID" length="32" />
			<generator class="uuid.hex"></generator>
		</id>
		<property name="operateTime" type="java.lang.String">
			<column name="OPERATE_TIME" length="19">
				<comment>操作时间</comment>
			</column>
		</property>
		<property name="operateIp" type="java.lang.String">
			<column name="OPERATE_IP" length="15">
				<comment>操作IP</comment>
			</column>
		</property>
		<property name="operatePerson" type="java.lang.String">
			<column name="OPERATE_PERSON" length="32">
				<comment>操作人</comment>
			</column>
		</property>
		<property name="operateEmp" type="java.lang.String">
			<column name="OPERATE_EMP" length="32">
				<comment>操作员工</comment>
			</column>
		</property>
		<property name="operateSys" type="java.lang.String">
			<column name="OPERATE_SYS" length="64">
				<comment>操作系统</comment>
			</column>
		</property>
		<property name="operateModel" type="java.lang.String">
			<column name="OPERATE_MODEL" length="64">
				<comment>操作模块</comment>
			</column>
		</property>
		<property name="operateContent" type="java.lang.String">
			<column name="OPERATE_CONTENT" length="32">
				<comment>操作内容</comment>
			</column>
		</property>
		<property name="operateType" type="java.lang.String">
			<column name="OPERATE_TYPE" length="1">
				<comment>操作类型 1正常 0异常</comment>
			</column>
		</property>
		<property name="remark" type="java.lang.String">
			<column name="REMARK" length="500">
				<comment>日志</comment>
			</column>
		</property>
	</class>
</hibernate-mapping>
