<?xml version="1.0" encoding="utf-8"?>
<!DOCTYPE hibernate-mapping PUBLIC "-//Hibernate/Hibernate Mapping DTD 3.0//EN" "http://hibernate.sourceforge.net/hibernate-mapping-3.0.dtd">
<hibernate-mapping>
    <class name="com.sxsihe.oxhide.message.token.domain.Tokens" table="tokens" >
        <id name="tid" type="java.lang.String">
            <column name="TID" length="32" />
            <generator class="uuid.hex" />
        </id>
        <many-to-one name="ssousers" class="com.sxsihe.oxhide.ssouser.domain.Ssousers" fetch="select">
            <column name="USERID" length="32">
                <comment>ID</comment>
            </column>
        </many-to-one>
        <many-to-one name="application" class="com.sxsihe.oxhide.application.domain.Application" fetch="select">
            <column name="APPID" length="32">
                <comment>系统id</comment>
            </column>
        </many-to-one>
        <property name="token" type="java.lang.String">
            <column name="TOKEN" length="80">
                <comment>令牌</comment>
            </column>
        </property>
        <property name="tokentype" type="java.lang.String">
            <column name="TOKENTYPE" length="10">
                <comment>类型</comment>
            </column>
        </property>
    </class>
</hibernate-mapping>
