<?xml version="1.0" encoding="utf-8"?>
<!DOCTYPE hibernate-mapping PUBLIC "-//Hibernate/Hibernate Mapping DTD 3.0//EN"
"http://hibernate.sourceforge.net/hibernate-mapping-3.0.dtd">
<!-- 
    Mapping file autogenerated by MyEclipse Persistence Tools
-->
<hibernate-mapping>
    <class name="com.sxsihe.oxhide.schema.domain.TSchema" table="t_schema"  dynamic-insert="true" dynamic-update="true" >
        <id name="schemaid" type="java.lang.String">
            <column name="SCHEMAID" length="32" />
            <generator class="uuid.hex" />
        </id>
        <property name="schemaname" type="java.lang.String">
            <column name="SCHEMANAME" length="32" >
            <comment>样式名称</comment>
            </column>
        </property>
        <property name="folder" type="java.lang.String">
            <column name="FOLDER" length="64" >
            <comment>样式目录</comment>
            </column>
        </property>
        <property name="dialog" type="java.lang.String">
            <column name="DIALOG" length="5" >
            <comment>对话框样式</comment>
            </column>
        </property>
    </class>
</hibernate-mapping>
