<?xml version="1.0" encoding="utf-8"?>
<!DOCTYPE hibernate-mapping PUBLIC "-//Hibernate/Hibernate Mapping DTD 3.0//EN"
"http://hibernate.sourceforge.net/hibernate-mapping-3.0.dtd">
<!-- 
    Mapping file autogenerated by MyEclipse Persistence Tools
-->
<hibernate-mapping>
    <class name="com.sxsihe.oxhide.usersroles.domain.Usersroles" table="usersroles"  dynamic-insert="true" dynamic-update="true">
        <id name="userroleid" type="java.lang.String">
            <column name="USERROLEID" length="32" />
            <generator class="uuid.hex" />
        </id>
        <many-to-one name="ssousers" class="com.sxsihe.oxhide.ssouser.domain.Ssousers" fetch="select">
            <column name="USERID" length="32">
                <comment>ID</comment>
            </column>
        </many-to-one>
        <many-to-one name="ssoroles" class="com.sxsihe.oxhide.ssoroles.domain.Ssoroles" fetch="select">
            <column name="ROLEID" length="32">
                <comment>角色ID</comment>
            </column>
        </many-to-one>
    </class>
</hibernate-mapping>
