<?xml version="1.0" encoding="utf-8"?>
<!DOCTYPE beans PUBLIC "-//SPRING//DTD BEAN//EN" "http://www.springframework.org/dtd/spring-beans.dtd">

<beans>
	<!-- 生成索引定义开始 -->
	<bean id="indexTool" class="org.springframework.scheduling.quartz.MethodInvokingJobDetailFactoryBean">
		<property name="targetObject" ref="indexCrearer" />
		<property name="targetMethod" value="CreatingIndex" />
	</bean>
	<bean id="toolIndex" class="org.springframework.scheduling.quartz.CronTriggerBean">
		<property name="jobDetail" ref="indexTool" />
		<property name="cronExpression" value="0 0 23 * * ?" />
	</bean>
	<!-- 生成索引定义结束 -->


	<!-- 清空日志定时开始 -->
	<bean id="timmerLogHisClear" class="org.springframework.scheduling.quartz.MethodInvokingJobDetailFactoryBean">
		<property name="targetObject" ref="systemlogService" />
		<property name="targetMethod" value="deleteLogHis" />
	</bean>
	<bean id="logHisTimer" class="org.springframework.scheduling.quartz.CronTriggerBean">
		<property name="jobDetail" ref="timmerLogHisClear" />
		<property name="cronExpression" value="0 0 22 * * ?" />
	</bean>
	<!-- 清空日志定时结束 -->

	<bean id="scheduler" lazy-init="false" autowire="no" class="org.springframework.scheduling.quartz.SchedulerFactoryBean">
		<property name="triggers">
			<list>
				<ref bean="toolIndex" />
				<ref bean="logHisTimer" />
			</list>
		</property>
	</bean>
</beans>