<?xml version="1.0" encoding="utf-8"?>
<!DOCTYPE beans PUBLIC "-//SPRING//DTD BEAN//EN" "http://www.springframework.org/dtd/spring-beans.dtd">

<beans default-autowire="byName"> 
  <bean id="tSchemaDAO" class="com.sxsihe.oxhide.schema.dao.hibernateImpl.TSchemaDAOImpl"> 
    <property name="template" ref="template"/> 
  </bean>  
  <bean id="schemaService" parent="baseTxService"> 
    <property name="target"> 
      <bean id="schemaServiceTarget" class="com.sxsihe.oxhide.schema.service.SchemaServiceImpl"> 
        <property name="dao" ref="tSchemaDAO"/> 
      </bean> 
    </property> 
  </bean>
  <bean name="/schemaLoadAction" class="com.sxsihe.oxhide.schema.action.SchemaShowAction"> 
    <property name="service" ref="schemaService"/> 
  </bean>
  <bean name="/schemaShowAction" class="com.sxsihe.oxhide.schema.action.SchemaShowAction"> 
    <property name="service" ref="schemaService"/> 
  </bean>
  <bean name="/schemaSaveAction" class="com.sxsihe.oxhide.schema.action.SchemaSaveAction"> 
    <property name="service" ref="schemaService"/> 
  </bean>
  <bean name="/schemaDeleteAction" class="com.sxsihe.oxhide.schema.action.SchemaDeleteAction"> 
    <property name="service" ref="schemaService"/> 
  </bean>
</beans>
