<?xml version="1.0" encoding="utf-8"?>
<!DOCTYPE beans PUBLIC "-//SPRING//DTD BEAN//EN" "http://www.springframework.org/dtd/spring-beans.dtd">
<beans default-autowire="byName">
	<!-- 处理类 -->
	<bean id="authenticationHandler" class="org.codehaus.xfire.addressing.AddressingInHandler" />

	<!-- 映射 -->
	<bean class="org.springframework.web.servlet.handler.SimpleUrlHandlerMapping">
		<property name="urlMap">
			<map>
				<entry key="/LoginSessionService" value-ref="LoginSessionService" />
				<entry key="/UserServer" value-ref="UserServer" />
				<entry key="/SystemlogServer" value-ref="SystemlogServer" />
				<entry key="/DictionaryServer" value-ref="DictionaryServer" />
				<entry key="/OrganServer" value-ref="OrganServer" />
				<entry key="/DeptServer" value-ref="DeptServer" />
				<entry key="/PostServer" value-ref="PostServer" />
				<entry key="/EmployeeServer" value-ref="EmployeeServer" />
				<entry key="/ResourceServer" value-ref="ResourceServer" />
				<entry key="/ApplicationServer" value-ref="ApplicationServer" />
				<entry key="/SsorolesServer" value-ref="SsorolesServer" />
				<entry key="/SiheUtilServer" value-ref="SiheUtilServer" />
				<entry key="/ResourceServer" value-ref="ResourceServer" />
				<entry key="/DictionaryServerSimply" value-ref="DictionaryServerSimply" />
			</map>
		</property>
	</bean>

	<!-- 服务基类 -->
	<bean id="baseWebService" class="org.codehaus.xfire.spring.ServiceBean" lazy-init="false" abstract="true">
		<!-- 引用xfire.xml中定义的工厂 -->
		<property name="serviceFactory" ref="xfire.serviceFactory" />
		<!-- 引用xfire.xml中的xfire实例 -->
		<property name="xfire" ref="xfire" />
		<property name="inHandlers">
			<list>
				<ref bean="authenticationHandler" />
			</list>
		</property>
	</bean>

	<!-- 登陆服务 -->
	<bean id="LoginSessionServiceImpl" class="com.sxsihe.oxhide.server.loginsession.LoginSessionServiceImpl"></bean>
	<bean name="LoginSessionService" parent="baseWebService">
		<property name="serviceBean" ref="LoginSessionServiceImpl" />
		<property name="serviceClass" value="com.sxsihe.oxhide.server.loginsession.LoginSessionService" />
	</bean>

	<!-- 用户服务 -->
	<bean id="userServerImpl" class="com.sxsihe.oxhide.server.users.UserServerImpl" >
	    <property name="service" ref="ssouserService" />
	</bean>
	<bean name="UserServer" parent="baseWebService">
		<property name="serviceBean" ref="userServerImpl" />
		<property name="serviceClass" value="com.sxsihe.oxhide.server.users.UserServer" />
	</bean>

	<!-- 操作日志 -->
	<bean id="systemlogServerImpl" class="com.sxsihe.oxhide.server.systemlog.SystemlogServerImpl">
		<property name="systemlogService" ref="systemlogService" />
		<property name="resourceService" ref="resourceService" />
	</bean>
	<bean name="SystemlogServer" parent="baseWebService">
		<property name="serviceBean" ref="systemlogServerImpl" />
		<property name="serviceClass" value="com.sxsihe.oxhide.server.systemlog.SystemlogServer" />
	</bean>

	<!-- 数据字典 -->
	<bean id="dictionaryServerImpl" class="com.sxsihe.oxhide.server.dictionary.DictionaryServerImpl" />
	<bean name="DictionaryServer" parent="baseWebService">
		<property name="serviceBean" ref="dictionaryServerImpl" />
		<property name="serviceClass" value="com.sxsihe.oxhide.server.dictionary.DictionaryServer" />
	</bean>

	<!-- 数据字典简单版 -->
	<bean id="dictionaryServerImplSimply" class="com.sxsihe.oxhide.server.dictionary.DictionaryServerSimplyImpl" />
	<bean name="DictionaryServerSimply" parent="baseWebService">
		<property name="serviceBean" ref="dictionaryServerImplSimply" />
		<property name="serviceClass" value="com.sxsihe.oxhide.server.dictionary.DictionaryServerSimply" />
	</bean>
	<!-- 机构 -->
	<bean id="organServerImpl" class="com.sxsihe.oxhide.server.organ.OrganServerImpl" />
	<bean name="OrganServer" parent="baseWebService">
		<property name="serviceBean" ref="organServerImpl" />
		<property name="serviceClass" value="com.sxsihe.oxhide.server.organ.OrganServer" />
	</bean>

	<!-- 部门 -->
	<bean id="deptServerImpl" class="com.sxsihe.oxhide.server.dept.DeptServerImpl">
		<property name="service" ref="deptService" />
	</bean>
	<bean name="DeptServer" parent="baseWebService">
		<property name="serviceBean" ref="deptServerImpl" />
		<property name="serviceClass" value="com.sxsihe.oxhide.server.dept.DeptServer" />
	</bean>

	<!-- 岗位 -->
	<bean id="postServerImpl" class="com.sxsihe.oxhide.server.post.PostServerImpl">
		<property name="service" ref="postService" />
	</bean>
	<bean name="PostServer" parent="baseWebService">
		<property name="serviceBean" ref="postServerImpl" />
		<property name="serviceClass" value="com.sxsihe.oxhide.server.post.PostServer" />
	</bean>

	<!-- 员工 -->
	<bean id="employeeServerImpl" class="com.sxsihe.oxhide.server.employee.EmployeeServerImpl">
		<property name="service" ref="employeeService" />
	</bean>
	<bean name="EmployeeServer" parent="baseWebService">
		<property name="serviceBean" ref="employeeServerImpl" />
		<property name="serviceClass" value="com.sxsihe.oxhide.server.employee.EmployeeServer" />
	</bean>


	<!-- 应用系统 -->
	<bean id="applictionServerImpl" class="com.sxsihe.oxhide.server.application.ApplicationServerImpl">
		<property name="service" ref="applicationService" />
	</bean>
	<bean name="ApplicationServer" parent="baseWebService">
		<property name="serviceBean" ref="applictionServerImpl" />
		<property name="serviceClass" value="com.sxsihe.oxhide.server.application.ApplicationServer" />
	</bean>

	<!-- 资源 -->
	<bean id="resourceServerImpl" class="com.sxsihe.oxhide.server.resource.ResourceServerImpl">
		<property name="service" ref="resourceService" />
	</bean>
	<bean name="ResourceServer" parent="baseWebService">
		<property name="serviceBean" ref="resourceServerImpl" />
		<property name="serviceClass" value="com.sxsihe.oxhide.server.resource.ResourceServer" />
	</bean>

	<!-- 角色 -->
	<bean id="ssorolesServerImpl" class="com.sxsihe.oxhide.server.ssoroles.SsorolesServerImpl">
		<property name="service" ref="ssorolesService" />
	</bean>
	<bean name="SsorolesServer" parent="baseWebService">
		<property name="serviceBean" ref="ssorolesServerImpl" />
		<property name="serviceClass" value="com.sxsihe.oxhide.server.ssoroles.SsorolesServer" />
	</bean>


	<!-- 工具 -->
	<bean id="siheUtilImpl" class="com.sxsihe.oxhide.server.utils.SiheUtilImpl">
	</bean>
	<bean name="SiheUtilServer" parent="baseWebService">
		<property name="serviceBean" ref="siheUtilImpl" />
		<property name="serviceClass" value="com.sxsihe.oxhide.server.utils.SiheUtil" />
	</bean>
</beans>
