<?xml version="1.0" encoding="utf-8"?>
<!DOCTYPE beans PUBLIC "-//SPRING//DTD BEAN//EN" "http://www.springframework.org/dtd/spring-beans.dtd">

<beans default-autowire="byName"> 
  <bean id="educationhistoryDAO" class="com.sxsihe.oxhide.educationhistory.dao.hibernateImpl.EducationhistoryDAOImpl"> 
    <property name="template" ref="template"/> 
  </bean>  
  <bean id="educationhistoryService" parent="baseTxService"> 
    <property name="target"> 
      <bean id="educationhistoryServiceTarget" class="com.sxsihe.oxhide.educationhistory.service.EducationhistoryServiceImpl"> 
        <property name="dao" ref="educationhistoryDAO"/> 
      </bean> 
    </property> 
  </bean>
</beans>
