<?xml version="1.0" encoding="utf-8"?>
<!DOCTYPE beans PUBLIC "-//SPRING//DTD BEAN//EN" "http://www.springframework.org/dtd/spring-beans.dtd">

<beans default-autowire="byName"> 
  <bean id="postsDAO" class="com.sxsihe.oxhide.post.dao.hibernateImpl.PostsDAOImpl"> 
    <property name="template" ref="template"/> 
  </bean>  
  <bean id="postService" parent="baseTxService"> 
    <property name="target"> 
      <bean id="postServiceTarget" class="com.sxsihe.oxhide.post.service.PostServiceImpl"> 
        <property name="dao" ref="postsDAO"/> 
      </bean> 
    </property> 
  </bean>
  <bean name="/postLoadAction" class="com.sxsihe.oxhide.post.action.PostShowAction"> 
    <property name="service" ref="postService"/> 
  </bean>
  <bean name="/postShowAction" class="com.sxsihe.oxhide.post.action.PostShowAction"> 
    <property name="service" ref="postService"/> 
  </bean>
  <bean name="/postSaveAction" class="com.sxsihe.oxhide.post.action.PostSaveAction"> 
    <property name="service" ref="postService"/> 
  </bean>
  <bean name="/postDeleteAction" class="com.sxsihe.oxhide.post.action.PostDeleteAction"> 
    <property name="service" ref="postService"/> 
  </bean>
</beans>
