<?xml version="1.0" encoding="utf-8"?>
<!DOCTYPE beans PUBLIC "-//SPRING//DTD BEAN//EN" "http://www.springframework.org/dtd/spring-beans.dtd">
<beans default-autowire="byName">
	<bean id="boxmenusDAO" class="com.sxsihe.oxhide.imenus.boxmenus.dao.hibernateImpl.BoxmenusDAOImpl">
		<property name="template" ref="template" />
	</bean>
	<bean id="boxmenusService" parent="baseTxService">
		<property name="target">
			<bean id="boxmenusServiceTarget" class="com.sxsihe.oxhide.imenus.boxmenus.service.BoxmenusServiceImpl">
				<property name="dao" ref="boxmenusDAO" />
			</bean>
		</property>
	</bean>


	<bean id="commonmenusDAO" class="com.sxsihe.oxhide.imenus.commonmenus.dao.hibernateImpl.CommonmenusDAOImpl">
		<property name="template" ref="template" />
	</bean>
	<bean id="commonmenusService" parent="baseTxService">
		<property name="target">
			<bean id="commonmenusServiceTarget" class="com.sxsihe.oxhide.imenus.commonmenus.service.CommonmenusServiceImpl">
				<property name="dao" ref="commonmenusDAO" />
			</bean>
		</property>
	</bean>

</beans>
	