<?xml version="1.0" encoding="utf-8"?>
<!DOCTYPE beans PUBLIC "-//SPRING//DTD BEAN//EN" "http://www.springframework.org/dtd/spring-beans.dtd">

<beans default-autowire="byName"> 
  <bean id="dictionaryDAO" class="com.sxsihe.oxhide.dictionary.dao.hibernateImpl.DictionaryDAOImpl"> 
    <property name="template" ref="template"/> 
  </bean>  
  <bean id="dictionaryService" parent="baseTxService"> 
    <property name="target"> 
      <bean id="dictionaryServiceTarget" class="com.sxsihe.oxhide.dictionary.service.DictionaryServiceImpl"> 
        <property name="dao" ref="dictionaryDAO"/> 
      </bean> 
    </property> 
  </bean>
  <bean name="/dictionaryLoadAction" class="com.sxsihe.oxhide.dictionary.action.DictionaryShowAction"> 
    <property name="service" ref="dictionaryService"/> 
  </bean>
  <bean name="/dictionaryShowAction" class="com.sxsihe.oxhide.dictionary.action.DictionaryShowAction"> 
    <property name="service" ref="dictionaryService"/> 
  </bean>
  <bean name="/dictionarySaveAction" class="com.sxsihe.oxhide.dictionary.action.DictionarySaveAction"> 
    <property name="service" ref="dictionaryService"/> 
  </bean>
  <bean name="/dictionaryDeleteAction" class="com.sxsihe.oxhide.dictionary.action.DictionaryDeleteAction"> 
    <property name="service" ref="dictionaryService"/> 
  </bean>
</beans>
