<?xml version="1.0" encoding="utf-8"?>
<!DOCTYPE beans PUBLIC "-//SPRING//DTD BEAN//EN" "http://www.springframework.org/dtd/spring-beans.dtd">

<beans default-autowire="byName"> 
  <bean id="workhistoryDAO" class="com.sxsihe.oxhide.workhistory.dao.hibernateImpl.WorkhistoryDAOImpl"> 
    <property name="template" ref="template"/> 
  </bean>  
  <bean id="workhistoryService" parent="baseTxService"> 
    <property name="target"> 
      <bean id="workhistoryServiceTarget" class="com.sxsihe.oxhide.workhistory.service.WorkhistoryServiceImpl"> 
        <property name="dao" ref="workhistoryDAO"/> 
      </bean> 
    </property> 
  </bean>
</beans>
