<?xml version="1.0" encoding="utf-8"?>
<!DOCTYPE beans PUBLIC "-//SPRING//DTD BEAN//EN" "http://www.springframework.org/dtd/spring-beans.dtd">

<beans default-autowire="byName">
	<bean id="ssousersDAO" class="com.sxsihe.oxhide.ssouser.dao.hibernateImpl.SsousersDAOImpl">
		<property name="template" ref="template" />
	</bean>
	<bean id="ssouserService" parent="baseTxService">
		<property name="target">
			<bean id="ssouserServiceTarget" class="com.sxsihe.oxhide.ssouser.service.SsouserServiceImpl">
				<property name="dao" ref="ssousersDAO" />
			</bean>
		</property>
	</bean>
	<bean name="/ssouserLoadAction" class="com.sxsihe.oxhide.ssouser.action.SsouserShowAction">
		<property name="service" ref="ssouserService" />
		<property name="sessionHouse" ref="sessionHouse" />
		<property name="boxmenusService" ref="boxmenusService" />
	</bean>
	<bean name="/ssouserShowAction" class="com.sxsihe.oxhide.ssouser.action.SsouserShowAction">
		<property name="service" ref="ssouserService" />
	</bean>
	<bean name="/ssouserSaveAction" class="com.sxsihe.oxhide.ssouser.action.SsouserSaveAction">
		<property name="service" ref="ssouserService" />
	</bean>
	<bean name="/ssouserDeleteAction" class="com.sxsihe.oxhide.ssouser.action.SsouserDeleteAction">
		<property name="service" ref="ssouserService" />
	</bean>
	
	
	
	<!-- 角色选择人员树 -->
	<bean id="roleUserTreeImpl" class="com.sxsihe.oxhide.ssouser.service.SsoUserRoleTree">
		<property name="ssouserService" ref="ssouserService"></property>
		<property name="usersrolesService" ref="usersrolesService"></property>
	</bean>
	<bean id="roleUserTreeService" parent="baseTxService">
		<property name="target">
			<bean id="roleUserTreeServiceTarget" class="com.sxsihe.oxhide.tree.organ.OrganTreeServiceImpl">
				<property name="organServer" ref="organClient"></property>
				<property name="deptServer" ref="deptClient"></property>
				<property name="postServer" ref="postClient"></property>
				<property name="employeeServer" ref="employeeClient"></property>
				<property name="extandService" ref="roleUserTreeImpl"></property>
			</bean>
		</property>
	</bean>
</beans>
