<?xml version="1.0" encoding="utf-8"?>
<!DOCTYPE beans PUBLIC "-//SPRING//DTD BEAN//EN" "http://www.springframework.org/dtd/spring-beans.dtd">

<beans default-autowire="byName">
	<bean id="systemlogDAO" class="com.sxsihe.oxhide.systemlog.dao.hibernateImpl.SystemlogDAOImpl">
		<property name="template" ref="template" />
	</bean>
	<bean id="systemlogService" parent="baseTxService">
		<property name="target">
			<bean id="systemlogServiceTarget" class="com.sxsihe.oxhide.systemlog.service.SystemlogServiceImpl">
				<property name="dao" ref="systemlogDAO"></property>
			</bean>
		</property>
	</bean>
	<bean name="/systemlogLoadAction" class="com.sxsihe.oxhide.systemlog.action.SystemlogShowAction">
		<property name="service" ref="systemlogService" />
	</bean>
	<bean name="/systemlogShowAction" class="com.sxsihe.oxhide.systemlog.action.SystemlogShowAction">
		<property name="service" ref="systemlogService" />
	</bean>
	<bean name="/systemlogDeleteAction" class="com.sxsihe.oxhide.systemlog.action.SystemlogDeleteAction">
		<property name="service" ref="systemlogService" />
	</bean>
</beans>