<?xml version="1.0" encoding="utf-8"?>
<!DOCTYPE beans PUBLIC "-//SPRING//DTD BEAN//EN" "http://www.springframework.org/dtd/spring-beans.dtd">

<beans default-autowire="byName"> 
  <bean id="resourcesDAO" class="com.sxsihe.oxhide.resource.dao.hibernateImpl.ResourcesDAOImpl"> 
    <property name="template" ref="template"/> 
  </bean>
  <bean id="resourceService" parent="baseTxService"> 
    <property name="target"> 
      <bean id="resourceServiceTarget" class="com.sxsihe.oxhide.resource.service.ResourceServiceImpl"> 
        <property name="dao" ref="resourcesDAO"/> 
      </bean> 
    </property> 
  </bean>  
  <bean name="/resourceLoadAction" class="com.sxsihe.oxhide.resource.action.ResourceShowAction"> 
    <property name="service" ref="resourceService"/> 
  </bean>  
  <bean name="/resourceShowAction" class="com.sxsihe.oxhide.resource.action.ResourceShowAction"> 
    <property name="service" ref="resourceService"/>
    <property name="applicationService" ref="applicationService"/>  
  </bean>  
  <bean name="/resourceSaveAction" class="com.sxsihe.oxhide.resource.action.ResourceSaveAction"> 
    <property name="service" ref="resourceService"/> 
  </bean>  
  <bean name="/resourceDeleteAction" class="com.sxsihe.oxhide.resource.action.ResourceDeleteAction"> 
    <property name="service" ref="resourceService"/> 
  </bean>  

</beans>
