<?xml version="1.0" encoding="utf-8"?>
<!DOCTYPE beans PUBLIC "-//SPRING//DTD BEAN//EN" "http://www.springframework.org/dtd/spring-beans.dtd">

<beans default-autowire="byName"> 
  <bean id="deptmentDAO" class="com.sxsihe.oxhide.dept.dao.hibernateImpl.DeptmentDAOImpl"> 
    <property name="template" ref="template"/> 
  </bean>  
  <bean id="deptService" parent="baseTxService"> 
    <property name="target"> 
      <bean id="deptServiceTarget" class="com.sxsihe.oxhide.dept.service.DeptServiceImpl"> 
        <property name="dao" ref="deptmentDAO"/> 
      </bean> 
    </property> 
  </bean>
  <bean name="/deptLoadAction" class="com.sxsihe.oxhide.dept.action.DeptShowAction"> 
    <property name="service" ref="deptService"/> 
  </bean>
  <bean name="/deptShowAction" class="com.sxsihe.oxhide.dept.action.DeptShowAction"> 
    <property name="service" ref="deptService"/> 
  </bean>
  <bean name="/deptSaveAction" class="com.sxsihe.oxhide.dept.action.DeptSaveAction"> 
    <property name="service" ref="deptService"/> 
  </bean>
  <bean name="/deptDeleteAction" class="com.sxsihe.oxhide.dept.action.DeptDeleteAction"> 
    <property name="service" ref="deptService"/> 
  </bean>
</beans>
