<?xml version="1.0" encoding="utf-8"?>
<!DOCTYPE hibernate-mapping PUBLIC "-//Hibernate/Hibernate Mapping DTD 3.0//EN" "http://hibernate.sourceforge.net/hibernate-mapping-3.0.dtd">
<!--
	Mapping file autogenerated by MyEclipse Persistence Tools
-->
<hibernate-mapping>
	<class name="com.sxsihe.oxhide.application.domain.Application" table="application" dynamic-insert="true" dynamic-update="true">
		<id name="appid" type="java.lang.String">
			<column name="APPID" length="32"/>
			<generator class="assigned"/>
		</id>
		<property name="appname" type="java.lang.String">
			<column name="APPNAME" length="32">
				<comment>系统名字</comment>
			</column>
		</property>
		<property name="appcode" type="java.lang.String">
			<column name="APPCODE" length="32">
				<comment>系统编码</comment>
			</column>
		</property>
		<property name="ico" type="java.lang.String">
			<column name="ICO" length="32">
				<comment>图标</comment>
			</column>
		</property>
		<property name="bigico" type="java.lang.String">
			<column name="BIGICO" length="32">
				<comment>大图标</comment>
			</column>
		</property>
		<property name="orderno" type="java.lang.Integer">
			<column name="ORDERNO">
				<comment>排序号</comment>
			</column>
		</property>
		<property name="appurl" type="java.lang.String">
			<column name="APPURL" length="400">
				<comment>系统地址</comment>
			</column>
		</property>
		<property name="appurlw" type="java.lang.String">
			<column name="APPURLW" length="400">
				<comment>系统外网地址</comment>
			</column>
		</property>
		<property name="appindex" type="java.lang.String">
			<column name="APPINDEX" length="400">
				<comment>首页地址</comment>
			</column>
		</property>
		<property name="apptitle" type="java.lang.String">
			<column name="APPTITLE" length="32">
				<comment>默认标题</comment>
			</column>
		</property>
		<property name="largeico" type="java.lang.String">
			<column name="LARGEICO" length="60">
				<comment>超大图标</comment>
			</column>
		</property>
		<property name="simplyname" type="java.lang.String">
			<column name="SIMPLYNAME" length="8">
				<comment>简称</comment>
			</column>
		</property>
		<property name="remark" type="java.lang.String">
			<column name="REMARK" length="400">
				<comment>简介</comment>
			</column>
		</property>
		<property name="applekey" type="java.lang.String">
			<column name="APPLEKEY" length="64">
				<comment>苹果密码</comment>
			</column>
		</property>
		<property name="androidkey" type="java.lang.String">
			<column name="ANDROIDKEY" length="64">
				<comment>安卓密码</comment>
			</column>
		</property>
		<property name="androidkf" type="java.lang.String">
			<column name="ANDROIDKF" length="1">
				<comment>安卓是否开发</comment>
			</column>
		</property>
		<property name="applekf" type="java.lang.String">
			<column name="APPLEKF" length="1">
				<comment>苹果是否开发版</comment>
			</column>
		</property>
		<property name="timeenable" type="java.lang.String">
			<column name="TIMEENABLE" length="1">
				<comment>推送是否定时提醒</comment>
			</column>
		</property>
		<property name="timer" type="java.lang.String">
			<column name="TIMER" length="5">
				<comment>提醒间隔</comment>
			</column>
		</property>
		<property name="times" type="java.lang.String">
			<column name="TIMES" length="4">
				<comment>提醒次数</comment>
			</column>
		</property>
		<set name="resources" inverse="true" cascade="all-delete-orphan">
			<key>
				<column name="APPID" length="32">
					<comment>系统ID</comment>
				</column>
			</key>
			<one-to-many class="com.sxsihe.oxhide.resource.domain.Resources"/>
		</set>
		<set name="rolesapp" inverse="true" cascade="all-delete-orphan">
			<key>
				<column name="APPID" length="32">
					<comment>角色ID</comment>
				</column>
			</key>
			<one-to-many class="com.sxsihe.oxhide.rolesapp.domain.Rolesapp"/>
		</set>
		<set name="tokens" inverse="true" cascade="all-delete-orphan">
			<key>
				<column name="APPID" length="32">
					<comment>ID</comment>
				</column>
			</key>
			<one-to-many class="com.sxsihe.oxhide.message.token.domain.Tokens"/>
		</set>
		<set name="unmobiles" inverse="true" cascade="all-delete-orphan">
			<key>
				<column name="APPID" length="32">
					<comment>ID</comment>
				</column>
			</key>
			<one-to-many class="com.sxsihe.oxhide.message.mobile.domain.Unmobile"/>
		</set>
	</class>
	
	
	
	<class name="com.sxsihe.oxhide.application.domain.ApplicationSimply" table="application" dynamic-insert="true" dynamic-update="true">
		<id name="appid" type="java.lang.String">
			<column name="APPID" length="32"/>
			<generator class="assigned"/>
		</id>
		<property name="appname" type="java.lang.String">
			<column name="APPNAME" length="32">
				<comment>系统名字</comment>
			</column>
		</property>
		<property name="appcode" type="java.lang.String">
			<column name="APPCODE" length="32">
				<comment>系统编码</comment>
			</column>
		</property>
		<property name="ico" type="java.lang.String">
			<column name="ICO" length="32">
				<comment>图标</comment>
			</column>
		</property>
		<property name="bigico" type="java.lang.String">
			<column name="BIGICO" length="32">
				<comment>大图标</comment>
			</column>
		</property>
		<property name="appurl" type="java.lang.String">
			<column name="APPURL" length="400">
				<comment>系统地址</comment>
			</column>
		</property>
		<property name="appurlw" type="java.lang.String">
			<column name="APPURLW" length="400">
				<comment>系统外网地址</comment>
			</column>
		</property>
		<property name="appindex" type="java.lang.String">
			<column name="APPINDEX" length="400">
				<comment>首页地址</comment>
			</column>
		</property>
		<property name="apptitle" type="java.lang.String">
			<column name="APPTITLE" length="32">
				<comment>默认标题</comment>
			</column>
		</property>
		<property name="largeico" type="java.lang.String">
			<column name="LARGEICO" length="60">
				<comment>超大图标</comment>
			</column>
		</property>
		<property name="simplyname" type="java.lang.String">
			<column name="SIMPLYNAME" length="8">
				<comment>简称</comment>
			</column>
		</property>
		<property name="remark" type="java.lang.String">
			<column name="REMARK" length="400">
				<comment>简介</comment>
			</column>
		</property>
	</class>
	
</hibernate-mapping>
