<?xml version="1.0" encoding="utf-8"?>
<!DOCTYPE hibernate-mapping PUBLIC "-//Hibernate/Hibernate Mapping DTD 3.0//EN"
"http://hibernate.sourceforge.net/hibernate-mapping-3.0.dtd">
<!-- 
    Mapping file autogenerated by MyEclipse Persistence Tools
-->
<hibernate-mapping>
    <class name="com.sxsihe.oxhide.dictionarycontent.domain.Dictionarycontent" table="dictionarycontent"  dynamic-insert="true" dynamic-update="true">
        <id name="dcid" type="java.lang.String">
            <column name="DCID" length="32" />
            <generator class="uuid.hex" />
        </id>
        <many-to-one name="dictionary"  class="com.sxsihe.oxhide.dictionary.domain.Dictionary" fetch="select" lazy="false">
            <column name="DID" length="32">
                <comment>ID</comment>
            </column>
        </many-to-one>
        <property name="dcvalue" type="java.lang.String">
            <column name="DCVALUE" length="200">
                <comment>内容</comment>
            </column>
        </property>
        <property name="dcode" type="java.lang.String">
            <column name="DCODE" length="200">
                <comment>编码</comment>
            </column>
        </property>
        <property name="remark" type="java.lang.String">
            <column name="REMARK" length="100">
                <comment>说明</comment>
            </column>
        </property>
    </class>
</hibernate-mapping>
