<?xml version="1.0" encoding="utf-8"?>
<!DOCTYPE hibernate-mapping PUBLIC "-//Hibernate/Hibernate Mapping DTD 3.0//EN"
"http://hibernate.sourceforge.net/hibernate-mapping-3.0.dtd">
<!-- 
    Mapping file autogenerated by MyEclipse Persistence Tools
-->
<hibernate-mapping>
    <class name="com.sxsihe.oxhide.educationhistory.domain.Educationhistory" table="educationhistory"  dynamic-insert="true" dynamic-update="true">
        <id name="eid" type="java.lang.String">
            <column name="EID" length="32" />
            <generator class="uuid.hex" />
        </id>
        <many-to-one name="employee" class="com.sxsihe.oxhide.employee.domain.Employee" fetch="select" lazy="false">
            <column name="EMPLOYEEID" length="32">
                <comment>员工ID</comment>
            </column>
        </many-to-one>
        <property name="education" type="java.lang.String">
            <column name="EDUCATION" length="32">
                <comment>学历</comment>
            </column>
        </property>
        <property name="schoolname" type="java.lang.String">
            <column name="SCHOOLNAME" length="100">
                <comment>学校名称</comment>
            </column>
        </property>
        <property name="professional" type="java.lang.String">
            <column name="PROFESSIONAL" length="100">
                <comment>学历</comment>
            </column>
        </property>
        <property name="graduation" type="java.lang.String">
            <column name="GRADUATION" length="10">
                <comment>取证时间</comment>
            </column>
        </property>
        <property name="certificate" type="java.lang.String">
            <column name="CERTIFICATE" length="100">
                <comment>证书号</comment>
            </column>
        </property>
        <property name="edutype" type="java.lang.String">
            <column name="EDUTYPE" length="10">
                <comment>学历类型</comment>
            </column>
        </property>
    </class>
</hibernate-mapping>
