<?xml version="1.0" encoding="utf-8"?>
<!DOCTYPE hibernate-mapping PUBLIC "-//Hibernate/Hibernate Mapping DTD 3.0//EN" "http://hibernate.sourceforge.net/hibernate-mapping-3.0.dtd">
<!--
    Mapping file autogenerated by MyEclipse Persistence Tools
-->
<hibernate-mapping>
	<class name="com.sxsihe.oxhide.employee.domain.Employee" table="employee" dynamic-insert="true" dynamic-update="true">
		<id name="employeeid" type="java.lang.String">
			<column name="EMPLOYEEID" length="32"/>
			<generator class="assigned"/>
		</id>
		<many-to-one name="posts" class="com.sxsihe.oxhide.post.domain.Posts" fetch="select" lazy="false">
			<column name="POSTID" length="32">
				<comment>岗位ID</comment>
			</column>
		</many-to-one>
		<property name="employeecode" type="java.lang.String">
			<column name="EMPLOYEECODE" length="32">
				<comment>员工编码</comment>
			</column>
		</property>
		<property name="employeename" type="java.lang.String">
			<column name="EMPLOYEENAME" length="32">
				<comment>员工名字</comment>
			</column>
		</property>
		<property name="sex" type="java.lang.Integer">
			<column name="SEX">
				<comment>性别</comment>
			</column>
		</property>
		<property name="birthday" type="java.lang.String">
			<column name="BIRTHDAY" length="10">
				<comment>生日</comment>
			</column>
		</property>
		<property name="isvalidation" type="java.lang.Integer">
			<column name="ISVALIDATION">
				<comment>是否有效</comment>
			</column>
		</property>
		<property name="remark" type="java.lang.String">
			<column name="REMARK" length="100">
				<comment>备注</comment>
			</column>
		</property>
		<property name="orderno" type="java.lang.Integer">
			<column name="ORDERNO">
				<comment>排序号</comment>
			</column>
		</property>
		<property name="nation" type="java.lang.String">
			<column name="NATION" length="32">
				<comment>民族</comment>
			</column>
		</property>
		<property name="workstarttime" type="java.lang.String">
			<column name="WORKSTARTTIME" length="10">
				<comment>参加工作时间</comment>
			</column>
		</property>
		<property name="outlook" type="java.lang.String">
			<column name="OUTLOOK" length="100">
				<comment>政治面貌</comment>
			</column>
		</property>
		<property name="origin" type="java.lang.String">
			<column name="ORIGIN" length="100">
				<comment>籍贯</comment>
			</column>
		</property>
		<property name="title" type="java.lang.String">
			<column name="TITLE" length="100">
				<comment>职称</comment>
			</column>
		</property>
		<property name="education" type="java.lang.String">
			<column name="EDUCATION" length="100">
				<comment>学历</comment>
			</column>
		</property>
		<property name="professional" type="java.lang.String">
			<column name="PROFESSIONAL" length="100">
				<comment>执业资格</comment>
			</column>
		</property>
		<property name="titleid" type="java.lang.String">
			<column name="TITLEID" length="100">
				<comment>职称证编号</comment>
			</column>
		</property>
		<property name="accounttype" type="java.lang.String">
			<column name="ACCOUNTTYPE" length="100">
				<comment>户口性质</comment>
			</column>
		</property>
		<property name="account" type="java.lang.String">
			<column name="ACCOUNT" length="100">
				<comment>户口所在地</comment>
			</column>
		</property>
		<property name="identity" type="java.lang.String">
			<column name="IDENTITY" length="18">
				<comment>身份证号码</comment>
			</column>
		</property>
		<property name="identityplace" type="java.lang.String">
			<column name="IDENTITYPLACE" length="100">
				<comment>身份证地址</comment>
			</column>
		</property>
		<property name="email" type="java.lang.String">
			<column name="EMAIL" length="100">
				<comment>电子邮箱</comment>
			</column>
		</property>
		<property name="emailPassword" type="java.lang.String">
			<column name="EMAILPASSWORD" length="32">
				<comment>电子邮箱</comment>
			</column>
		</property>
		<property name="phone" type="java.lang.String">
			<column name="PHONE" length="100">
				<comment>联系电话</comment>
			</column>
		</property>
		<property name="professionallife" type="java.lang.String">
			<column name="PROFESSIONALLIFE" length="100">
				<comment>职称专业</comment>
			</column>
		</property>
		<property name="professionaltype" type="java.lang.String">
			<column name="PROFESSIONALTYPE" length="100">
				<comment>职称性质</comment>
			</column>
		</property>
		<property name="worktime" type="java.lang.String">
			<column name="WORKTIME" length="3">
				<comment>从业时间</comment>
			</column>
		</property>
		<property name="nowworkbegin" type="java.lang.String">
			<column name="NOWWORKBEGIN" length="10">
				<comment>现机构服务开始时间</comment>
			</column>
		</property>
		<property name="nowworkend" type="java.lang.String">
			<column name="NOWWORKEND" length="10">
				<comment>现机构服务结束时间</comment>
			</column>
		</property>
		<property name="worktype" type="java.lang.String">
			<column name="WORKTYPE" length="100">
				<comment>工作性质</comment>
			</column>
		</property>
		<property name="otherprofessional" type="java.lang.String">
			<column name="OTHERPROFESSIONAL" length="100">
				<comment>其他职业资格</comment>
			</column>
		</property>
		<property name="otherprofessionalid" type="java.lang.String">
			<column name="OTHERPROFESSIONALID" length="100">
				<comment>其他职业资格证书编号</comment>
			</column>
		</property>
		<property name="otherprofessionalidtime" type="java.lang.String">
			<column name="OTHERPROFESSIONALIDTIME" length="10">
				<comment>其他职业资格证书取证时间</comment>
			</column>
		</property>
		<property name="national" type="java.lang.String">
			<column name="NATIONAL" length="100">
				<comment>人大、政协任职</comment>
			</column>
		</property>
		<property name="association" type="java.lang.String">
			<column name="ASSOCIATION" length="100">
				<comment>协会职务</comment>
			</column>
		</property>
		<property name="traintime" type="java.lang.String">
			<column name="TRAINTIME" length="5">
				<comment>参加培训累计学时</comment>
			</column>
		</property>
		<property name="reportscores" type="java.lang.String">
			<column name="REPORTSCORES" length="5">
				<comment>签署报告分数（累计）</comment>
			</column>
		</property>
		<property name="photo" type="java.sql.Blob" lazy="true">
			<column name="PHOTO"/>
		</property>
		<property name="pen" type="java.sql.Blob" lazy="true">
			<column name="PEN"/>
		</property>
		<property name="mainplace" type="java.lang.String">
			<column name="MAINPLACE" length="100">
				<comment>主要工作场所</comment>
			</column>
		</property>
		<property name="blood" type="java.lang.String">
			<column name="BLOOD" length="10">
				<comment>血型</comment>
			</column>
		</property>
		<property name="marry" type="java.lang.String">
			<column name="MARRY" length="10">
				<comment>婚姻状况</comment>
			</column>
		</property>
		<property name="mobile" type="java.lang.String">
			<column name="MOBILE" length="11">
				<comment>手机号码</comment>
			</column>
		</property>
		<property name="dutydate" type="java.lang.String">
			<column name="DUTYDATE" length="32">
				<comment>工种证件有效日期</comment>
			</column>
		</property>
		<property name="cardid" type="java.lang.String">
			<column name="CARDID" length="16">
				<comment>识别卡编号</comment>
			</column>
		</property>
		<set name="ssouserses" inverse="true" cascade="all-delete-orphan">
			<key>
				<column name="employeeid" length="32">
					<comment>ID</comment>
				</column>
			</key>
			<one-to-many class="com.sxsihe.oxhide.ssouser.domain.Ssousers"/>
		</set>
		<set name="educationhistory" inverse="true" cascade="delete">
			<key>
				<column name="employeeid" length="32">
					<comment>ID</comment>
				</column>
			</key>
			<one-to-many class="com.sxsihe.oxhide.educationhistory.domain.Educationhistory"/>
		</set>
		<set name="workhistory" inverse="true" cascade="delete">
			<key>
				<column name="employeeid" length="32">
					<comment>ID</comment>
				</column>
			</key>
			<one-to-many class="com.sxsihe.oxhide.workhistory.domain.Workhistory"/>
		</set>
		<set name="unmobiles" inverse="true" cascade="all-delete-orphan">
			<key>
				<column name="APPID" length="32">
					<comment>ID</comment>
				</column>
			</key>
			<one-to-many class="com.sxsihe.oxhide.message.mobile.domain.Unmobile"/>
		</set>
	</class>
</hibernate-mapping>
