<?xml version="1.0" encoding="utf-8"?>
<!DOCTYPE hibernate-mapping PUBLIC "-//Hibernate/Hibernate Mapping DTD 3.0//EN" "http://hibernate.sourceforge.net/hibernate-mapping-3.0.dtd">
<!--
    Mapping file autogenerated by MyEclipse Persistence Tools
-->
<hibernate-mapping>
	<class name="com.sxsihe.oxhide.message.mobile.domain.Unmobile" table="unmobile" dynamic-insert="true" dynamic-update="true">
		<id name="unid" type="java.lang.String">
			<column name="UNID" length="32"/>
			<generator class="uuid.hex"/>
		</id>
		<many-to-one name="employee" class="com.sxsihe.oxhide.employee.domain.Employee" fetch="select" lazy="false">
			<column name="EMPLOYEEID" length="32">
				<comment>员工ID</comment>
			</column>
		</many-to-one>
		<many-to-one name="application" class="com.sxsihe.oxhide.application.domain.Application" fetch="select" lazy="false">
			<column name="APPID" length="32">
				<comment>系统id</comment>
			</column>
		</many-to-one>
		<property name="udate" type="java.lang.String">
			<column name="UDATE" length="19"/>
		</property>
	</class>
</hibernate-mapping>
