<?xml version="1.0" encoding="utf-8"?>
<!DOCTYPE hibernate-mapping PUBLIC "-//Hibernate/Hibernate Mapping DTD 3.0//EN"
"http://hibernate.sourceforge.net/hibernate-mapping-3.0.dtd">
<!-- 
    Mapping file autogenerated by MyEclipse Persistence Tools
-->
<hibernate-mapping>
    <class name="com.sxsihe.oxhide.workhistory.domain.Workhistory" table="workhistory"  dynamic-insert="true" dynamic-update="true">
        <id name="hid" type="java.lang.String">
            <column name="HID" length="32" />
            <generator class="uuid.hex" />
        </id>
        <many-to-one name="employee" class="com.sxsihe.oxhide.employee.domain.Employee" fetch="select" lazy="false">
            <column name="EMPLOYEEID" length="32">
                <comment>员工ID</comment>
            </column>
        </many-to-one>
        <property name="begintime" type="java.lang.String">
            <column name="BEGINTIME" length="10">
                <comment>开始时间</comment>
            </column>
        </property>
        <property name="endtime" type="java.lang.String">
            <column name="ENDTIME" length="10">
                <comment>结束时间</comment>
            </column>
        </property>
        <property name="organname" type="java.lang.String">
            <column name="ORGANNAME" length="32">
                <comment>机构名</comment>
            </column>
        </property>
        <property name="organid" type="java.lang.String">
            <column name="ORGANID" length="32">
                <comment>机构ID</comment>
            </column>
        </property>
        <property name="dept" type="java.lang.String">
            <column name="DEPT" length="32">
                <comment>部门</comment>
            </column>
        </property>
        <property name="deptid" type="java.lang.String">
            <column name="DEPTID" length="32">
                <comment>部门名</comment>
            </column>
        </property>
        <property name="post" type="java.lang.String">
            <column name="POST" length="32">
                <comment>岗位</comment>
            </column>
        </property>
        <property name="postid" type="java.lang.String">
            <column name="POSTID" length="32">
                <comment>岗位ID</comment>
            </column>
        </property>
        <property name="remark" type="java.lang.String">
            <column name="REMARK" length="200">
                <comment>调用原因</comment>
            </column>
        </property>
        
    </class>
</hibernate-mapping>
