<?xml version="1.0" encoding="UTF-8"?>
<!DOCTYPE struts-config PUBLIC "-//Apache Software Foundation//DTD Struts Configuration 1.1//EN" "http://jakarta.apache.org/struts/dtds/struts-config_1_1.dtd">
<struts-config>
	<form-beans>
		<form-bean name="feedbackForm" type="com.sxsihe.oxhide.feedback.form.FeedbackForm" />
		<form-bean name="feedbackConditionForm" type="com.sxsihe.oxhide.feedback.form.FeedbackConditionForm" />
		</form-beans>
	<action-mappings>
		<action path="/feedbackLoadAction" parameter="action" type="org.springframework.web.struts.DelegatingActionProxy" name="feedbackConditionForm" scope="session"
			input="/pages/admin/feedback/feedbacklist.jsp">
			<forward name="showList" path="/pages/admin/feedback/feedbacklist.jsp" />
		</action>
		<action path="/feedbackShowAction" parameter="action" type="org.springframework.web.struts.DelegatingActionProxy" name="feedbackForm" scope="request"
			input="/pages/admin/feedback/feedbackform.jsp">
			<forward name="showAdd" path="/pages/admin/feedback/feedbackform.jsp?action=add" />
			<forward name="showView" path="/pages/admin/feedback/feedbackview.jsp" />
			<forward name="showUpdate" path="/pages/admin/feedback/feedbackform.jsp?action=update" />
		</action>
		<action path="/feedbackSaveAction" parameter="action" type="org.springframework.web.struts.DelegatingActionProxy" name="feedbackForm" scope="request"
			input="/pages/admin/feedback/feedbackform.jsp">
		</action>
		<action path="/feedbackDeleteAction" parameter="action" type="org.springframework.web.struts.DelegatingActionProxy">
			<forward name="successForDelete" path="/feedbackLoadAction.do?action=showList" />
		</action>
	</action-mappings>
</struts-config>
	