<?xml version="1.0" encoding="UTF-8"?>
<!DOCTYPE struts-config PUBLIC "-//Apache Software Foundation//DTD Struts Configuration 1.1//EN" "http://jakarta.apache.org/struts/dtds/struts-config_1_1.dtd">
<struts-config>
	<form-beans>
		<form-bean name="applicationForm" type="com.sxsihe.oxhide.application.form.ApplicationForm" />
		<form-bean name="applicationConditionForm" type="com.sxsihe.oxhide.application.form.ApplicationConditionForm" />
	</form-beans>
	<action-mappings>
		<action path="/applicationLoadAction" parameter="action" type="org.springframework.web.struts.DelegatingActionProxy" name="applicationConditionForm" scope="session"
			input="/pages/admin/application/applicationlist.jsp">
			<forward name="showList" path="/pages/admin/application/applicationlist.jsp" />
			<forward name="showOrderList" path="/pages/admin/application/applicationOrderList.jsp" />
			<forward name="showToken" path="/pages/admin/application/tokens.jsp" />
			<forward name="showSender" path="/pages/admin/application/senders.jsp" />
			<forward name="showUnMobile" path="/pages/admin/application/unMobile.jsp" />
			<forward name="showDwr" path="/pages/admin/application/dwr.jsp" />
			<forward name="showAddress" path="/pages/admin/application/address.jsp" />
		</action>
		<action path="/applicationShowAction" parameter="action" type="org.springframework.web.struts.DelegatingActionProxy" name="applicationForm" scope="request"
			input="/pages/admin/application/applicationform.jsp">
			<forward name="showAdd" path="/pages/admin/application/applicationform.jsp?action=add" />
			<forward name="showView" path="/pages/admin/application/applicationview.jsp" />
			<forward name="showSenderView" path="/pages/admin/application/senderView.jsp" />
			<forward name="showUpdate" path="/pages/admin/application/applicationform.jsp?action=update" />
		</action>
		<action path="/applicationSaveAction" parameter="action" type="org.springframework.web.struts.DelegatingActionProxy" name="applicationForm" scope="request"
			input="/pages/admin/application/applicationform.jsp">
		</action>
		<action path="/applicationDeleteAction" parameter="action" type="org.springframework.web.struts.DelegatingActionProxy">
			<forward name="successForDelete" path="/applicationLoadAction.do?action=showList" />
		</action>
	</action-mappings>
</struts-config>
