<?xml version="1.0" encoding="UTF-8"?>
<!DOCTYPE struts-config PUBLIC "-//Apache Software Foundation//DTD Struts Configuration 1.1//EN" "http://jakarta.apache.org/struts/dtds/struts-config_1_1.dtd">
<struts-config>
	<form-beans>
		<form-bean name="postForm" type="com.sxsihe.oxhide.post.form.PostForm" />
		<form-bean name="postConditionForm" type="com.sxsihe.oxhide.post.form.PostConditionForm" />
	</form-beans>
	<action-mappings>
		<action path="/postLoadAction" parameter="action" type="org.springframework.web.struts.DelegatingActionProxy" name="postConditionForm" scope="session" input="/pages/admin/post/postlist.jsp">
			<forward name="showList" path="/pages/admin/post/postlist.jsp" />
			<forward name="showOrderList" path="/pages/admin/post/postOrder.jsp" />
		</action>
		<action path="/postShowAction" parameter="action" type="org.springframework.web.struts.DelegatingActionProxy" name="postForm" scope="request" input="/pages/admin/post/postform.jsp">
			<forward name="showAdd" path="/pages/admin/post/postform.jsp?action=add" />
			<forward name="showView" path="/pages/admin/post/postview.jsp" />
			<forward name="showUpdate" path="/pages/admin/post/postform.jsp?action=update" />
		</action>
		<action path="/postSaveAction" parameter="action" type="org.springframework.web.struts.DelegatingActionProxy" name="postForm" scope="request" input="/pages/admin/post/postform.jsp">
		</action>
		<action path="/postDeleteAction" parameter="action" type="org.springframework.web.struts.DelegatingActionProxy">
			<forward name="successForDelete" path="/postLoadAction.do?action=showList" />
		</action>
	</action-mappings>
</struts-config>
