<?xml version="1.0" encoding="UTF-8"?>
<!DOCTYPE struts-config PUBLIC "-//Apache Software Foundation//DTD Struts Configuration 1.1//EN" "http://jakarta.apache.org/struts/dtds/struts-config_1_1.dtd">
<struts-config>
	<form-beans>
		<form-bean name="systemlogForm" type="com.sxsihe.oxhide.systemlog.form.SystemlogForm" />
		<form-bean name="systemlogConditionForm" type="com.sxsihe.oxhide.systemlog.form.SystemlogConditionForm" />
	</form-beans>
	<action-mappings>
		<action path="/systemlogLoadAction" parameter="action" type="org.springframework.web.struts.DelegatingActionProxy" name="systemlogConditionForm" scope="session"
			input="/pages/admin/systemlog/systemloglist.jsp">
			<forward name="showList" path="/pages/admin/systemlog/systemloglist.jsp" />
		</action>
		<action path="/systemlogShowAction" parameter="action" type="org.springframework.web.struts.DelegatingActionProxy" name="systemlogForm" scope="request" input="/pages/admin/systemlog/systemlogform.jsp">
			<forward name="showView" path="/pages/admin/systemlog/systemlogview.jsp" />
		</action>
		<action path="/systemlogDeleteAction" parameter="action" type="org.springframework.web.struts.DelegatingActionProxy">
			<forward name="successForDelete" path="/systemlogLoadAction.do?action=showList" />
		</action>
	</action-mappings>
</struts-config>
