<?xml version="1.0" encoding="UTF-8"?>
<!DOCTYPE struts-config PUBLIC "-//Apache Software Foundation//DTD Struts Configuration 1.1//EN" "http://jakarta.apache.org/struts/dtds/struts-config_1_1.dtd">
<struts-config>
	<form-beans>
		<form-bean name="runappsForm" type="com.sxsihe.oxhide.runapps.form.RunappsForm" />
		<form-bean name="runappsConditionForm" type="com.sxsihe.oxhide.runapps.form.RunappsConditionForm" />
	</form-beans>
	<action-mappings>
		<action path="/runappsLoadAction" parameter="action" type="org.springframework.web.struts.DelegatingActionProxy" name="runappsConditionForm" scope="session" input="/pages/admin/runapps/runappslist.jsp">
			<forward name="showList" path="/pages/admin/runapps/runappslist.jsp" />
		</action>
		<action path="/runappsShowAction" parameter="action" type="org.springframework.web.struts.DelegatingActionProxy" name="runappsForm" scope="request" input="/pages/admin/runapps/runappsform.jsp">
			<forward name="showAdd" path="/pages/admin/runapps/runappsform.jsp?action=add" />
			<forward name="showView" path="/pages/admin/runapps/runappsview.jsp" />
			<forward name="showUpdate" path="/pages/admin/runapps/runappsform.jsp?action=update" />
		</action>
		<action path="/runappsSaveAction" parameter="action" type="org.springframework.web.struts.DelegatingActionProxy" name="runappsForm" scope="request" input="/pages/admin/runapps/runappsform.jsp">
		</action>
		<action path="/runappsDeleteAction" parameter="action" type="org.springframework.web.struts.DelegatingActionProxy">
			<forward name="successForDelete" path="/runappsLoadAction.do?action=showList" />
		</action>
	</action-mappings>
</struts-config>
	