<?xml version="1.0" encoding="UTF-8"?>
<!DOCTYPE struts-config PUBLIC "-//Apache Software Foundation//DTD Struts Configuration 1.1//EN" "http://jakarta.apache.org/struts/dtds/struts-config_1_1.dtd">
<struts-config>
	<form-beans>
		<form-bean name="dictionarycontentForm" type="com.sxsihe.oxhide.dictionarycontent.form.DictionarycontentForm" />
		<form-bean name="dictionarycontentConditionForm" type="com.sxsihe.oxhide.dictionarycontent.form.DictionarycontentditionForm" />
	</form-beans>
	<action-mappings>
		<action path="/dictionarycontentLoadAction" parameter="action" type="org.springframework.web.struts.DelegatingActionProxy" name="dictionarycontentConditionForm" scope="session"
			input="/pages/admin/dictionarycontent/dictionarycontentlist.jsp">
			<forward name="showList" path="/pages/admin/dictionarycontent/dictionarycontentlist.jsp" />
		</action>
		<action path="/dictionarycontentShowAction" parameter="action" type="org.springframework.web.struts.DelegatingActionProxy" name="dictionarycontentForm" scope="request"
			input="/pages/admin/dictionarycontent/dictionarycontentform.jsp">
			<forward name="showAdd" path="/pages/admin/dictionarycontent/dictionarycontentform.jsp?action=add" />
			<forward name="showView" path="/pages/admin/dictionarycontent/dictionarycontentview.jsp" />
			<forward name="showUpdate" path="/pages/admin/dictionarycontent/dictionarycontentform.jsp?action=update" />
		</action>
		<action path="/dictionarycontentSaveAction" parameter="action" type="org.springframework.web.struts.DelegatingActionProxy" name="dictionarycontentForm" scope="request"
			input="/pages/admin/dictionarycontent/dictionarycontentform.jsp">
		</action>
		<action path="/dictionarycontentDeleteAction" parameter="action" type="org.springframework.web.struts.DelegatingActionProxy">
			<forward name="successForDelete" path="/dictionarycontentLoadAction.do?action=showList" />
		</action>
	</action-mappings>
</struts-config>
