<?xml version="1.0" encoding="UTF-8"?>
<!DOCTYPE struts-config PUBLIC "-//Apache Software Foundation//DTD Struts Configuration 1.1//EN" "http://jakarta.apache.org/struts/dtds/struts-config_1_1.dtd">
<struts-config>
	<form-beans>
		<form-bean name="resourceForm" type="com.sxsihe.oxhide.resource.form.ResourceForm" />
		<form-bean name="resourceConditionForm" type="com.sxsihe.oxhide.resource.form.ResourceConditionForm" />
	</form-beans>
	<action-mappings>
		<action path="/resourceLoadAction" parameter="action" type="org.springframework.web.struts.DelegatingActionProxy" name="resourceConditionForm" scope="session" input="/pages/admin/resource/resourcelist.jsp">
			<forward name="showList" path="/pages/admin/resource/resourcelist.jsp" />
			<forward name="showOrderList" path="/pages/admin/resource/resourceOrderList.jsp" />
		</action>
		<action path="/resourceShowAction" parameter="action" type="org.springframework.web.struts.DelegatingActionProxy" name="resourceForm" scope="request" input="/pages/admin/resource/resourceform.jsp">
			<forward name="showAdd" path="/pages/admin/resource/resourceform.jsp?action=add" />
			<forward name="showView" path="/pages/admin/resource/resourceview.jsp" />
			<forward name="showUpdate" path="/pages/admin/resource/resourceform.jsp?action=update" />
		</action>
		<action path="/resourceSaveAction" parameter="action" type="org.springframework.web.struts.DelegatingActionProxy" name="resourceForm" scope="request" input="/pages/admin/resource/resourceform.jsp">
		</action>
		<action path="/resourceDeleteAction" parameter="action" type="org.springframework.web.struts.DelegatingActionProxy">
			<forward name="successForDelete" path="/resourceLoadAction.do?action=showList" />
		</action>
	</action-mappings>
</struts-config>
