<?xml version="1.0" encoding="UTF-8"?>
<!DOCTYPE struts-config PUBLIC "-//Apache Software Foundation//DTD Struts Configuration 1.1//EN" "http://jakarta.apache.org/struts/dtds/struts-config_1_1.dtd">
<struts-config>
	<form-beans>
		<form-bean name="deptForm" type="com.sxsihe.oxhide.dept.form.DeptForm" />
		<form-bean name="deptConditionForm" type="com.sxsihe.oxhide.dept.form.DeptConditionForm" />
	</form-beans>
	<action-mappings>
		<action path="/deptLoadAction" parameter="action" type="org.springframework.web.struts.DelegatingActionProxy" name="deptConditionForm" scope="session" input="/pages/admin/dept/deptlist.jsp">
			<forward name="showList" path="/pages/admin/dept/deptlist.jsp" />
			<forward name="showOrderList" path="/pages/admin/dept/deptOrder.jsp" />
		</action>
		<action path="/deptShowAction" parameter="action" type="org.springframework.web.struts.DelegatingActionProxy" name="deptForm" scope="request" input="/pages/admin/dept/deptform.jsp">
			<forward name="showAdd" path="/pages/admin/dept/deptform.jsp?action=add" />
			<forward name="showView" path="/pages/admin/dept/deptview.jsp" />
			<forward name="showUpdate" path="/pages/admin/dept/deptform.jsp?action=update" />
		</action>
		<action path="/deptSaveAction" parameter="action" type="org.springframework.web.struts.DelegatingActionProxy" name="deptForm" scope="request" input="/pages/admin/dept/deptform.jsp">
		</action>
		<action path="/deptDeleteAction" parameter="action" type="org.springframework.web.struts.DelegatingActionProxy">
			<forward name="successForDelete" path="/deptLoadAction.do?action=showList" />
		</action>
	</action-mappings>
</struts-config>
