<?xml version="1.0" encoding="UTF-8"?>
<!DOCTYPE struts-config PUBLIC "-//Apache Software Foundation//DTD Struts Configuration 1.1//EN" "http://jakarta.apache.org/struts/dtds/struts-config_1_1.dtd">
<struts-config>
	<form-beans>
		<form-bean name="schemaForm" type="com.sxsihe.oxhide.schema.form.SchemaForm" />
	</form-beans>
	<action-mappings>
		<action path="/schemaLoadAction" parameter="action" type="org.springframework.web.struts.DelegatingActionProxy" name="schemaConditionForm" scope="session" input="/pages/admin/schema/schemalist.jsp">
			<forward name="showList" path="/pages/admin/schema/schemalist.jsp" />
		</action>
		<action path="/schemaShowAction" parameter="action" type="org.springframework.web.struts.DelegatingActionProxy" name="schemaForm" scope="request" input="/pages/admin/schema/schemaform.jsp">
			<forward name="showAdd" path="/pages/admin/schema/schemaform.jsp?action=add" />
			<forward name="showView" path="/pages/admin/schema/schemaview.jsp" />
			<forward name="showUpdate" path="/pages/admin/schema/schemaform.jsp?action=update" />
		</action>
		<action path="/schemaSaveAction" parameter="action" type="org.springframework.web.struts.DelegatingActionProxy" name="schemaForm" scope="request" input="/pages/admin/schema/schemaform.jsp">
		</action>
		<action path="/schemaDeleteAction" parameter="action" type="org.springframework.web.struts.DelegatingActionProxy">
			<forward name="successForDelete" path="/schemaLoadAction.do?action=showList" />
		</action>
	</action-mappings>
</struts-config>
