<?xml version="1.0" encoding="UTF-8"?>
<!DOCTYPE struts-config PUBLIC "-//Apache Software Foundation//DTD Struts Configuration 1.1//EN" "http://jakarta.apache.org/struts/dtds/struts-config_1_1.dtd">
<struts-config>
	<form-beans>
		<form-bean name="ssouserForm" type="com.sxsihe.oxhide.ssouser.form.SsouserForm" />
		<form-bean name="ssouserConditionForm" type="com.sxsihe.oxhide.ssouser.form.SsouserconditionForm" />
	</form-beans>
	<action-mappings>
		<action path="/ssouserLoadAction" parameter="action" type="org.springframework.web.struts.DelegatingActionProxy" name="ssouserConditionForm" scope="session" input="/pages/admin/ssouser/ssouserlist.jsp">
			<forward name="showList" path="/pages/admin/ssouser/ssouserlist.jsp" />
		</action>
		<action path="/ssouserShowAction" parameter="action" type="org.springframework.web.struts.DelegatingActionProxy" name="ssouserForm" scope="request" input="/pages/admin/ssouser/ssouserform.jsp">
			<forward name="showAdd" path="/pages/admin/ssouser/ssouserform.jsp?action=add" />
			<forward name="showView" path="/pages/admin/ssouser/ssouserview.jsp" />
			<forward name="showUpdate" path="/pages/admin/ssouser/ssouserform.jsp?action=update" />
			<forward name="showTree" path="/pages/admin/ssouser/ssouserTree.jsp" />
			<forward name="sendMsg" path="/ui/sendMsg.jsp" />
			<forward name="showUserView" path="/pages/admin/ssouser/userView.jsp" />
			<forward name="deskConfig" path="/ui/deskConfig.jsp" />
		</action>
		<action path="/ssouserSaveAction" parameter="action" type="org.springframework.web.struts.DelegatingActionProxy" name="ssouserForm" scope="request" input="/pages/admin/ssouser/ssouserform.jsp" />
		<action path="/ssouserDeleteAction" parameter="action" type="org.springframework.web.struts.DelegatingActionProxy">
			<forward name="successForDelete" path="/ssouserLoadAction.do?action=showList" />
		</action>
	</action-mappings>
</struts-config>
