<?xml version="1.0" encoding="UTF-8"?>
<!DOCTYPE struts-config PUBLIC "-//Apache Software Foundation//DTD Struts Configuration 1.1//EN" "http://jakarta.apache.org/struts/dtds/struts-config_1_1.dtd">
<struts-config>
	<form-beans>
		<form-bean name="helpdocForm" type="com.sxsihe.oxhide.helpdoc.form.HelpdocForm" />
		</form-beans>
	<action-mappings>
		<action path="/helpdocShowAction" parameter="action" type="org.springframework.web.struts.DelegatingActionProxy" name="helpdocForm" scope="request"
			input="/pages/admin/helpdoc/helpdocform.jsp">
			<forward name="showAdd" path="/pages/admin/helpdoc/helpdocform.jsp" />
			<forward name="showView" path="/pages/admin/helpdoc/helpdocview.jsp" />
		</action>
		<action path="/helpdocSaveAction" parameter="action" type="org.springframework.web.struts.DelegatingActionProxy" name="helpdocForm" scope="request"
			input="/pages/helpdoc/helpdocform.jsp">
		</action>
	</action-mappings>
</struts-config>
	